Регио,МО,Тип н�,Насел,Адрес,Широт,Долго,Кратк,icon_url
Волгоградская область,Городищенский район,Поселок,Новая Надежда,"Волгоградская область, Городищенский р-н, п. Новая Надежда, ул. Центральная, д. 2","48.8361111","44.3027778",ФАП,./0.png
Волгоградская область,Городищенский район,Село,Орловка,"Волгоградская область, Городищенский р-н, с. Орловка, ул. Советская, д. 24","48.8469444","44.5322222",ФАП,./0.png
Волгоградская область,Городищенский район,Хутор,Паньшино,"Волгоградская область, Городищенский р-н, х. Паньшино, ул. Степная, д. 16","49.0427778","44.025",ФАП,./0.png
Волгоградская область,Городищенский район,Хутор,Песковатка,"Волгоградская область, Городищенский р-н, х. Песковатка, ул. Центральная, д. 10","48.9127778","43.8180556",ФАП,./0.png
Волгоградская область,Городищенский район,Хутор,Грачи,"Волгоградская область, Городищенский р-н, х. Грачи, ул. Ленина, д. 36","48.9538889","44.3072222",ФАП,./0.png
Волгоградская область,Городищенский район,Поселок,Каменный,"Волгоградская область, Городищенский р-н, п. Каменный, ул. Ленина, д. 21","48.9761111","44.5713889",ФАП,./0.png
Волгоградская область,Городищенский район,Село,Карповка,"Волгоградская область, Городищенский р-н, с. Карповка, ул. Ленина, д. 41","48.6994444","43.9819444",ФАП,./0.png
Волгоградская область,Городищенский район,Хутор,Красный Пахарь,"Волгоградская область, Городищенский р-н, х. Красный Пахарь, ул. Новоселовская, д. 16","48.8002778","44.2361111",ФАП,./0.png
Волгоградская область,Быковский район,Поселок,Раздолье,"Волгоградская область, Быковский р-н, п. Раздолье, ул. Зеленая, д. 2/1","49.7661111","45.4533333",ФАП,./0.png
Волгоградская область,Быковский район,Село,Садовое,"Волгоградская область, Быковский р-н, с. Садовое, ул. Мира, д. 15","49.6788889","45.9225",ФАП,./0.png
Волгоградская область,Городищенский район,Хутор,Варламов,"Волгоградская область, Городищенский р-н, х. Варламов, ул. Советская, д. 10","49.0244444","44.3213889",ФАП,./0.png
Волгоградская область,Городищенский район,Хутор,Вертячий,"Волгоградская область, Городищенский р-н, х. Вертячий, ул. Донская, д. 1","48.9436111","43.8977778",ФАП,./0.png
Волгоградская область,Алексеевский район,Хутор,Яминский,"Волгоградская область, Алексеевский р-н, х. Яминский, ул. Советская, д. 32","50.3352778","42.2186111",ФАП,./0.png
Волгоградская область,Быковский район,Село,Александровка,"Волгоградская область, Быковский р-н, с. Александровка, ул. Центральная, д. 41","49.7966667","45.6438889",ФАП,./0.png
Волгоградская область,Быковский район,Село,Луговая Пролейка,"Волгоградская область, Быковский р-н, с. Луговая Пролейка, ул. Советская, д. 39","49.3511111","45.0741667",ФАП,./0.png
Волгоградская область,Быковский район,Поселок,Победа,"Волгоградская область, Быковский р-н, п. Победа, ул. Быковская, д. 8/1","49.6486111","45.4633333",ФАП,./0.png
Волгоградская область,Алексеевский район,Хутор,Солонцовский,"Волгоградская область, Алексеевский р-н, х. Солонцовский, , д. 92","50.1808333","42.4133333",ФАП,./0.png
Волгоградская область,Алексеевский район,Хутор,Стеженский,"Волгоградская область, Алексеевский р-н, х. Стеженский, , д. 103/1","50.29","42.1411111",ФАП,./0.png
Волгоградская область,Алексеевский район,Хутор,Трехложинский,"Волгоградская область, Алексеевский р-н, х. Трехложинский, , д. 94/1","50.0777778","42.0569444",ФАП,./0.png
Волгоградская область,Алексеевский район,Хутор,Шарашенский,"Волгоградская область, Алексеевский р-н, х. Шарашенский, , д. 83","50.1975","42.6916667",ФАП,./0.png
Волгоградская область,Алексеевский район,Хутор,Ларинский,"Волгоградская область, Алексеевский р-н, х. Ларинский, , д. 67","50.2408333","42.245",ФАП,./0.png
Волгоградская область,Алексеевский район,Хутор,Поклоновский,"Волгоградская область, Алексеевский р-н, х. Поклоновский, , д. 46/1","50.4047222","42.1447222",ФАП,./0.png
Волгоградская область,Алексеевский район,Хутор,Реченский,"Волгоградская область, Алексеевский р-н, х. Реченский, , д. 57","50.1763889","42.0330556",ФАП,./0.png
Волгоградская область,Алексеевский район,Хутор,Самолшинский,"Волгоградская область, Алексеевский р-н, х. Самолшинский, , д. 86","50.3786111","42.0619444",ФАП,./0.png
Волгоградская область,Алексеевский район,Хутор,Гущинский,"Волгоградская область, Алексеевский р-н, х. Гущинский, , д. 48б","50.3319444","42.0247222",ФАП,./0.png
Волгоградская область,Алексеевский район,Хутор,Ежовка,"Волгоградская область, Алексеевский р-н, х. Ежовка, , д. 21/1","49.988167","41.704087",ФАП,./0.png
Волгоградская область,Алексеевский район,Хутор,Исакиевский,"Волгоградская область, Алексеевский р-н, х. Исакиевский, , д. 39","50.4686111","42.2086111",ФАП,./0.png
Волгоградская область,Алексеевский район,Поселок,Красный Октябрь,"Волгоградская область, Алексеевский р-н, п. Красный Октябрь, , д. д.строение 57","50.3252778","42.5252778",ФАП,./0.png
Волгоградская область,Алексеевский район,Станица,Аржановская,"Волгоградская область, Алексеевский р-н, ст-ца. Аржановская, , д. 123/2","50.1161111","42.3519444",ФАП,./0.png
Волгоградская область,Алексеевский район,Хутор,Барминский,"Волгоградская область, Алексеевский р-н, х. Барминский, , д. 35/2","50.1644444","42.2830556",ФАП,./0.png
Волгоградская область,Алексеевский район,Хутор,Большой Бабинский,"Волгоградская область, Алексеевский р-н, х. Большой Бабинский, , д. 105/1","50.3691667","42.2594444",ФАП,./0.png
Волгоградская область,Даниловский район,Поселок,Профсоюзник,"Волгоградская область, Даниловский р-н, п. Профсоюзник, ул. Центральная, д. 18","50.4972222","43.8261111",ФАП,./0.png
Волгоградская область,Дубовский район,Село,Горная Пролейка,"Волгоградская область, Дубовский р-н, с. Горная Пролейка, ул. Центральная, д. 1","49.3733333","44.9872222",ФАП,./0.png
Волгоградская область,Дубовский район,Село,Горноводяное,"Волгоградская область, Дубовский р-н, с. Горноводяное, ул. Мира, д. 4","49.2533333","44.9438889",ФАП,./0.png
Волгоградская область,Дубовский район,Село,Давыдовка,"Волгоградская область, Дубовский р-н, с. Давыдовка, ул. Раздольная, д. 10","49.2991667","44.6422222",ФАП,./0.png
Волгоградская область,Даниловский район,Село,Лобойково,"Волгоградская область, Даниловский р-н, с. Лобойково, ул. Радужная, д. 2","50.4638889","44.2011111",ФАП,./0.png
Волгоградская область,Даниловский район,Хутор,Ловягин,"Волгоградская область, Даниловский р-н, х. Ловягин, , д. 43","50.3119444","44.0483333",ФАП,./0.png
Волгоградская область,Даниловский район,Село,Миусово,"Волгоградская область, Даниловский р-н, с. Миусово, ул. Центральная, д. 44","50.4283333","44.0538889",ФАП,./0.png
Волгоградская область,Даниловский район,Хутор,Плотников 1-й,"Волгоградская область, Даниловский р-н, х. Плотников 1-й, ул. им И.Г.Потапова, д. 22","50.2925","43.9563889",ФАП,./0.png
Волгоградская область,Даниловский район,Хутор,Гончары,"Волгоградская область, Даниловский р-н, х. Гончары, ул. Солнечная, д. 28","50.4527778","43.9591667",ФАП,./0.png
Волгоградская область,Даниловский район,Село,Заплавка,"Волгоградская область, Даниловский р-н, с. Заплавка, ул. им Донцова Д.В., д. 20","50.3763889","43.9447222",ФАП,./0.png
Волгоградская область,Даниловский район,Хутор,Красный,"Волгоградская область, Даниловский р-н, х. Красный, ул. Центральная, д. 32","50.3327778","44.1325",ФАП,./0.png
Волгоградская область,Даниловский район,Хутор,Кувшинов,"Волгоградская область, Даниловский р-н, х. Кувшинов, ул. Центральная, д. 6","50.1897222","44.2388889",ФАП,./0.png
Волгоградская область,Городской округ город Михайловка,Село,Сидоры,"Волгоградская область, Михайловский р-н, с. Сидоры, ул. Украинская, д. 31а","50.1266667","43.3416667",ФАП,./0.png
Волгоградская область,Городской округ город Михайловка,Село,Староселье,"Волгоградская область, Михайловский р-н, с. Староселье, ул. Центральная, д. 28","50.0094444","43.2586111",ФАП,./0.png
Волгоградская область,Городской округ город Михайловка,Хутор,Страховский,"Волгоградская область, Михайловский р-н, х. Страховский, ул. Школьная, д. 2","50.3086111","42.9933333",ФАП,./0.png
Волгоградская область,Даниловский район,Хутор,Атамановка,"Волгоградская область, Даниловский р-н, х. Атамановка, ул. Центральная, д. 62","50.1691667","44.0669444",ФАП,./0.png
Волгоградская область,Городской округ город Михайловка,Поселок,Реконструкция,"Волгоградская область, Михайловский р-н, п. Реконструкция, ул. Октябрьская, д. 24а","50.2544444","43.0752778",ФАП,./0.png
Волгоградская область,Городской округ город Михайловка,Хутор,Рогожин,"Волгоградская область, Михайловский р-н, х. Рогожин, ул. Ленина, д. 16","50.1722222","43.0091667",ФАП,./0.png
Волгоградская область,Городской округ город Михайловка,Хутор,Секачи,"Волгоградская область, Михайловский р-н, х. Секачи, ул. Мира, д. 17а","50.4980556","43.6266667",ФАП,./0.png
Волгоградская область,Городской округ город Михайловка,Хутор,Сенной,"Волгоградская область, Михайловский р-н, х. Сенной, ул. Октябрьская, д. 32","50.2525","43.6186111",ФАП,./0.png
Волгоградская область,Городской округ город Михайловка,Хутор,Моховский,"Волгоградская область, Михайловский р-н, х. Моховский, ул. Маршала Жукова, д. 50","50.19","43.4108333",ФАП,./0.png
Волгоградская область,Городской округ город Михайловка,Поселок,Отрадное,"Волгоградская область, Михайловский р-н, п. Отрадное, ул. Лазурная, д. 5","50.0119444","43.1733333",ФАП,./0.png
Волгоградская область,Городской округ город Михайловка,Поселок,Отрадное,"Волгоградская область, Михайловский р-н, п. Отрадное, пер. Почтовый, д. 12а","50.0111111","43.1755556",ФАП,./0.png
Волгоградская область,Городской округ город Михайловка,Хутор,Раздоры,"Волгоградская область, Михайловский р-н, х. Раздоры, ул. Мира, д. 7","50.2080556","43.6511111",ФАП,./0.png
Волгоградская область,Городской округ город Михайловка,Станица,Етеревская,"Волгоградская область, Михайловский р-н, ст-ца. Етеревская, ул. Молодежная, д. 16","50.1875","43.5419444",ФАП,./0.png
Волгоградская область,Городской округ город Михайловка,Хутор,Катасонов,"Волгоградская область, Михайловский р-н, х. Катасонов, пер. Школьный, д. 11","50.0802778","43.0075",ФАП,./0.png
Волгоградская область,Городской округ город Михайловка,Хутор,Крутинский,"Волгоградская область, Михайловский р-н, х. Крутинский, ул. Центральная, д. 13","50.2255556","42.8616667",ФАП,./0.png
Волгоградская область,Городской округ город Михайловка,Хутор,Мишин,"Волгоградская область, Михайловский р-н, х. Мишин, ул. Набережная, д. 1б","50.3577778","43.5333333",ФАП,./0.png
Волгоградская область,Городищенский район,Поселок,Самофаловка,"Волгоградская область, Городищенский р-н, п. Самофаловка, пер. Новый, д. 3","48.9483333","44.2113889",ФАП,./0.png
Волгоградская область,Городищенский район,Поселок,Царицын,"Волгоградская область, Городищенский р-н, п. Царицын, ул. Центральная, д. 39","48.7297222","44.3897222",ФАП,./0.png
Волгоградская область,Городской округ город Михайловка,Хутор,Веселый,"Волгоградская область, Михайловский р-н, х. Веселый, ул. Садовая, д. 10","50.4208333","43.5075",ФАП,./0.png
Волгоградская область,Городской округ город Михайловка,Хутор,Глинище,"Волгоградская область, Михайловский р-н, х. Глинище, ул. Мира, д. 19","50.0977778","43.4994444",ФАП,./0.png
Волгоградская область,Жирновский район,Село,Кленовка,"Волгоградская область, Жирновский р-н, с. Кленовка, ул. Бородачева, д. 26","51.1380556","44.4858333",ФАП,./0.png
Волгоградская область,Жирновский район,Рабочий поселок,Медведицкий,"Волгоградская область, Жирновский р-н, рп. Медведицкий, ул. Советская, д. 35/2","50.7852778","44.7122222",ФАП,./0.png
Волгоградская область,Жирновский район,Хутор,Недоступов,"Волгоградская область, Жирновский р-н, х. Недоступов, ул. Солнечная, д. 1","50.6566667","44.8944444",ФАП,./0.png
Волгоградская область,Жирновский район,Село,Нижняя Добринка,"Волгоградская область, Жирновский р-н, с. Нижняя Добринка, ул. Медведицкая, д. 36 а","50.8361111","44.7230556",ФАП,./0.png
Волгоградская область,Жирновский район,Село,Александровка,"Волгоградская область, Жирновский р-н, с. Александровка, пер. Школьный, д. 13а","51.0311111","44.7658333",ФАП,./0.png
Волгоградская область,Жирновский район,Село,Бородачи,"Волгоградская область, Жирновский р-н, с. Бородачи, ул. Центральная, д. 16","50.6575","44.9619444",ФАП,./0.png
Волгоградская область,Жирновский район,Село,Верхняя Добринка,"Волгоградская область, Жирновский р-н, с. Верхняя Добринка, ул. Полякова, д. 3","50.78","45.0513889",ФАП,./0.png
Волгоградская область,Жирновский район,Село,Вишневое,"Волгоградская область, Жирновский р-н, с. Вишневое, ул. Мира, д. 54","50.7613889","45.2505556",ФАП,./0.png
Волгоградская область,Еланский район,Поселок,Таловка,"Волгоградская область, Еланский р-н, п. Таловка, ул. Центральная, д. 19/1","50.6025","43.5641667",ФАП,./0.png
Волгоградская область,Еланский район,Село,Терновое,"Волгоградская область, Еланский р-н, с. Терновое, пер. Центральный, д. 7","51.0366667","43.7147222",ФАП,./0.png
Волгоградская область,Еланский район,Село,Терса,"Волгоградская область, Еланский р-н, с. Терса, ул. Красная, д. 47","50.8902778","43.8075",ФАП,./0.png
Волгоградская область,Еланский район,Село,Тростянка,"Волгоградская область, Еланский р-н, с. Тростянка, ул. Советская, д. 29","50.815","43.4622222",ФАП,./0.png
Волгоградская область,Еланский район,Село,Журавка,"Волгоградская область, Еланский р-н, с. Журавка, ул. Ленинская, д. 12","50.8577778","43.85",ФАП,./0.png
Волгоградская область,Еланский район,Хутор,Красноталовский,"Волгоградская область, Еланский р-н, х. Красноталовский, ул. Центральная, д. 68","50.7586111","43.5344444",ФАП,./0.png
Волгоградская область,Еланский район,Хутор,Первокаменский,"Волгоградская область, Еланский р-н, х. Первокаменский, ул. Центральная, д. 67/1","50.5516667","43.5047222",ФАП,./0.png
Волгоградская область,Еланский район,Село,Родинское,"Волгоградская область, Еланский р-н, с. Родинское, ул. Ленинская, д. 2","50.9086111","43.3883333",ФАП,./0.png
Волгоградская область,Еланский район,Хутор,Алявы,"Волгоградская область, Еланский р-н, х. Алявы, ул. Степная, д. 55/1","50.7569444","43.7361111",ФАП,./0.png
Волгоградская область,Еланский район,Село,Березовка,"Волгоградская область, Еланский р-н, с. Березовка, ул. Ленина, д. 190а/2","50.8586111","43.9886111",ФАП,./0.png
Волгоградская область,Еланский район,Село,Березовка,"Волгоградская область, Еланский р-н, с. Березовка, ул. Молодежная, д. 49","51.0844444","43.935",ФАП,./0.png
Волгоградская область,Еланский район,Село,Дубовое,"Волгоградская область, Еланский р-н, с. Дубовое, ул. Советская, д. 3","50.9613889","43.6152778",ФАП,./0.png
Волгоградская область,Дубовский район,Село,Стрельноширокое,"Волгоградская область, Дубовский р-н, с. Стрельноширокое, ул. Советская, д. 36","49.3116667","44.945",ФАП,./0.png
Волгоградская область,Дубовский район,Станица,Суводская,"Волгоградская область, Дубовский р-н, ст-ца. Суводская, ул. Центральная, д. 22","49.4869444","45.0547222",ФАП,./0.png
Волгоградская область,Дубовский район,Село,Усть-Погожье,"Волгоградская область, Дубовский р-н, с. Усть-Погожье, ул. Центральная, д. 73","49.4769444","44.6180556",ФАП,./0.png
Волгоградская область,Дубовский район,Хутор,Челюскинец,"Волгоградская область, Дубовский р-н, х. Челюскинец, пер. Школьный, д. 1","49.0408333","44.6569444",ФАП,./0.png
Волгоградская область,Дубовский район,Село,Пичуга,"Волгоградская область, Дубовский р-н, с. Пичуга, ул. Степная, д. 43","48.9861111","44.7097222",ФАП,./0.png
Волгоградская область,Дубовский район,Хутор,Полунино,"Волгоградская область, Дубовский р-н, х. Полунино, ул. Комсомольская, д. 41","49.6358333","44.9155556",ФАП,./0.png
Волгоградская область,Дубовский район,Село,Прямая Балка,"Волгоградская область, Дубовский р-н, с. Прямая Балка, ул. Волжская, д. 1","49.2302778","44.7208333",ФАП,./0.png
Волгоградская область,Дубовский район,Село,Садки,"Волгоградская область, Дубовский р-н, с. Садки, ул. Центральная, д. 21/1","49.1852778","44.4188889",ФАП,./0.png
Волгоградская область,Дубовский район,Село,Караваинка,"Волгоградская область, Дубовский р-н, с. Караваинка, ул. Центральная, д. 14","49.7247222","45.2297222",ФАП,./0.png
Волгоградская область,Дубовский район,Село,Малая Ивановка,"Волгоградская область, Дубовский р-н, с. Малая Ивановка, ул. Верхняя, д. 26","49.3533333","44.5308333",ФАП,./0.png
Волгоградская область,Дубовский район,Село,Оленье,"Волгоградская область, Дубовский р-н, с. Оленье, ул. Центральная, д. 9","49.1791667","44.8677778",ФАП,./0.png
Волгоградская область,Дубовский район,Село,Песковатка,"Волгоградская область, Дубовский р-н, с. Песковатка, ул. Московская, д. 29","49.1169444","44.8630556",ФАП,./0.png
Волгоградская область,Калачёвский район,Хутор,Ярки-Рубежный,"Волгоградская область, Калачевский р-н, х. Ярки-Рубежный, ул. Мира, д. 2/2","48.43","43.9088889",ФАП,./0.png
Волгоградская область,Камышинский район,Село,Белогорки,"Волгоградская область, Камышинский р-н, с. Белогорки, ул. Новая, д. 8","49.9594444","45.1861111",ФАП,./0.png
Волгоградская область,Камышинский район,Село,Верхняя Грязнуха,"Волгоградская область, Камышинский р-н, с. Верхняя Грязнуха, ул. Песчаная, д. 12","50.4802778","45.4677778",ФАП,./0.png
Волгоградская область,Камышинский район,Село,Вихлянцево,"Волгоградская область, Камышинский р-н, с. Вихлянцево, ул. Мира, д. 14","50.0083333","45.2994444",ФАП,./0.png
Волгоградская область,Калачёвский район,Хутор,Пятиизбянский,"Волгоградская область, Калачевский р-н, х. Пятиизбянский, ул. Центральная, д. 31","48.5875","43.4441667",ФАП,./0.png
Волгоградская область,Калачёвский район,Хутор,Светлый Лог,"Волгоградская область, Калачевский р-н, х. Светлый Лог, ул. Степная, д. 3/2","48.6955556","43.3175",ФАП,./0.png
Волгоградская область,Калачёвский район,Хутор,Степаневка,"Волгоградская область, Калачевский р-н, х. Степаневка, ул. Крестьянская, д. 2/2","48.3905556","43.9436111",ФАП,./0.png
Волгоградская область,Калачёвский район,Хутор,Степной,"Волгоградская область, Калачевский р-н, х. Степной, ул. Мира, д. 16/1","48.5827778","43.7980556",ФАП,./0.png
Волгоградская область,Калачёвский район,Село,Мариновка,"Волгоградская область, Калачевский р-н, с. Мариновка, ул. Набережная, д. 16а","48.6872222","43.8344444",ФАП,./0.png
Волгоградская область,Калачёвский район,Поселок,Пархоменко,"Волгоградская область, Калачевский р-н, п. Пархоменко, ул. Волжская, д. 39","48.5694444","44.1425",ФАП,./0.png
Волгоградская область,Калачёвский район,Хутор,Приморский,"Волгоградская область, Калачевский р-н, х. Приморский, ул. Победы, д. 12","48.5677778","43.5416667",ФАП,./0.png
Волгоградская область,Калачёвский район,Поселок,Прудбой,"Волгоградская область, Калачевский р-н, п. Прудбой, ул. Восточная, д. 7/2","48.6858333","43.9208333",ФАП,./0.png
Волгоградская область,Калачёвский район,Хутор,Бузиновка,"Волгоградская область, Калачевский р-н, х. Бузиновка, ул. Центральная, д. 32а","48.495","43.8955556",ФАП,./0.png
Волгоградская область,Калачёвский район,Поселок,Комсомольский,"Волгоградская область, Калачевский р-н, п. Комсомольский, ул. Комсомольская, д. 47а","48.6561111","43.8683333",ФАП,./0.png
Волгоградская область,Калачёвский район,Хутор,Ложки,"Волгоградская область, Калачевский р-н, х. Ложки, без. улицы, д. без номера","48.7538889","43.3758333",ФАП,./0.png
Волгоградская область,Калачёвский район,Хутор,Малоголубинский,"Волгоградская область, Калачевский р-н, х. Малоголубинский, ул. Подгорная, д. 33","48.9033333","43.5952778",ФАП,./0.png
Волгоградская область,Иловлинский район,Хутор,Фастов,"Волгоградская область, Иловлинский р-н, х. Фастов, ул. Центральная, д. 19","49.0755556","44.2083333",ФАП,./0.png
Волгоградская область,Иловлинский район,Хутор,Широков,"Волгоградская область, Иловлинский р-н, х. Широков, ул. Центральная, д. 6","49.1227778","44.2672222",ФАП,./0.png
Волгоградская область,Иловлинский район,Хутор,Ширяевский,"Волгоградская область, Иловлинский р-н, х. Ширяевский, ул. Центральная, д. 59","49.5727778","44.0283333",ФАП,./0.png
Волгоградская область,Иловлинский район,Хутор,Шохинский,"Волгоградская область, Иловлинский р-н, х. Шохинский, пер. Шохинский, д. 1","49.2722222","43.56",ФАП,./0.png
Волгоградская область,Иловлинский район,Хутор,Краснодонский,"Волгоградская область, Иловлинский р-н, х. Краснодонский, ул. Центральная, д. 41","49.1861111","44.0777778",ФАП,./0.png
Волгоградская область,Иловлинский район,Хутор,Нижнегерасимовский,"Волгоградская область, Иловлинский р-н, х. Нижнегерасимовский, ул. Степная, д. 11","49.0144444","43.9161111",ФАП,./0.png
Волгоградская область,Иловлинский район,Станица,Новогригорьевская,"Волгоградская область, Иловлинский р-н, ст-ца. Новогригорьевская, ул. Дружбы народов, д. 36","49.4188889","43.6377778",ФАП,./0.png
Волгоградская область,Иловлинский район,Хутор,Озерки,"Волгоградская область, Иловлинский р-н, х. Озерки, ул. Административная, д. 5","49.3994444","43.7769444",ФАП,./0.png
Волгоградская область,Иловлинский район,Хутор,Вилтов,"Волгоградская область, Иловлинский р-н, х. Вилтов, ул. Центральная, д. 42","49.435","43.6930556",ФАП,./0.png
Волгоградская область,Иловлинский район,Хутор,Камышинский,"Волгоградская область, Иловлинский р-н, х. Камышинский, ул. Почтовая, д. 6","49.2261111","43.5666667",ФАП,./0.png
Волгоградская область,Иловлинский район,Станица,Качалинская,"Волгоградская область, Иловлинский р-н, ст-ца. Качалинская, ул. Бахтурова, д. 151","49.11","44.0333333",ФАП,./0.png
Волгоградская область,Иловлинский район,Село,Кондраши,"Волгоградская область, Иловлинский р-н, с. Кондраши, ул. Гагарина, д. 8/1","49.4347222","44.1783333",ФАП,./0.png
Волгоградская область,Жирновский район,Село,Песковка,"Волгоградская область, Жирновский р-н, с. Песковка, ул. Эльтонская, д. 28","51.0669444","44.9580556",ФАП,./0.png
Волгоградская область,Иловлинский район,Хутор,Авилов,"Волгоградская область, Иловлинский р-н, х. Авилов, пер. Совхозный, д. 6","49.3805556","44.0163889",ФАП,./0.png
Волгоградская область,Иловлинский район,Село,Александровка,"Волгоградская область, Иловлинский р-н, с. Александровка, ул. Советская, д. 34","49.5763889","44.3111111",ФАП,./0.png
Волгоградская область,Иловлинский район,Село,Большая Ивановка,"Волгоградская область, Иловлинский р-н, с. Большая Ивановка, ул. Пролетарская, д. 11","49.4536111","44.33",ФАП,./0.png
Волгоградская область,Котельниковский район,Хутор,Захаров,"Волгоградская область, Котельниковский р-н, х. Захаров, ул. Центральная, д. 1","47.6838889","43.1141667",ФАП,./0.png
Волгоградская область,Котельниковский район,Поселок,Ленина,"Волгоградская область, Котельниковский р-н, п. Ленина, ул. Школьная, д. 20","47.6322222","43.2625",ФАП,./0.png
Волгоградская область,Котельниковский район,Хутор,Майоровский,"Волгоградская область, Котельниковский р-н, х. Майоровский, ул. Центральная, д. 13 А","47.6761111","42.985",ФАП,./0.png
Волгоградская область,Котельниковский район,Станица,Нагавская,"Волгоградская область, Котельниковский р-н, ст-ца. Нагавская, пл. им Родина Г.И., д. 1/1","47.7658333","42.8152778",ФАП,./0.png
Волгоградская область,Клетский район,Хутор,Селиванов,"Волгоградская область, Клетский р-н, х. Селиванов, ул. Придорожная, д. 9/2","49.1683333","42.9833333",ФАП,./0.png
Волгоградская область,Котельниковский район,Хутор,Верхнеяблочный,"Волгоградская область, Котельниковский р-н, х. Верхнеяблочный, ул. Центральная, д. 4/1","47.8175","43.1938889",ФАП,./0.png
Волгоградская область,Котельниковский район,Хутор,Веселый,"Волгоградская область, Котельниковский р-н, х. Веселый, ул. Центральная, д. 21","47.8341667","42.9875",ФАП,./0.png
Волгоградская область,Котельниковский район,Хутор,Дорофеевский,"Волгоградская область, Котельниковский р-н, х. Дорофеевский, ул. Аксайская, д. 16/1","47.9836111","43.3311111",ФАП,./0.png
Волгоградская область,Клетский район,Хутор,Захаров,"Волгоградская область, Клетский р-н, х. Захаров, ул. Набережная, д. 12/2","49.1794444","42.9027778",ФАП,./0.png
Волгоградская область,Клетский район,Хутор,Новоцарицынский,"Волгоградская область, Клетский р-н, х. Новоцарицынский, ул. Солнечная, д. 29/2","49.1869444","42.5822222",ФАП,./0.png
Волгоградская область,Клетский район,Хутор,Орехов,"Волгоградская область, Клетский р-н, х. Орехов, ул. Донская, д. 14А","49.2347222","43.2097222",ФАП,./0.png
Волгоградская область,Клетский район,Хутор,Перекопка,"Волгоградская область, Клетский р-н, х. Перекопка, ул. Центральная, д. 29","49.3636111","43.3394444",ФАП,./0.png
Волгоградская область,Клетский район,Хутор,Борисов,"Волгоградская область, Клетский р-н, х. Борисов, ул. Чижова, д. 45/1","48.8872222","42.9258333",ФАП,./0.png
Волгоградская область,Клетский район,Хутор,Евстратовский,"Волгоградская область, Клетский р-н, х. Евстратовский, ул. Школьная, д. 2","49.1897222","42.8786111",ФАП,./0.png
Волгоградская область,Клетский район,Хутор,Ерик,"Волгоградская область, Клетский р-н, х. Ерик, ул. Октябрьская, д. 23","48.9675","43.0922222",ФАП,./0.png
Волгоградская область,Клетский район,Хутор,Жирковский,"Волгоградская область, Клетский р-н, х. Жирковский, ул. Раздольная, д. 18/1","49.2758333","42.5597222",ФАП,./0.png
Волгоградская область,Камышинский район,Село,Щербатовка,"Волгоградская область, Камышинский р-н, с. Щербатовка, ул. Мира, д. 25","50.4883333","45.6894444",ФАП,./0.png
Волгоградская область,Киквидзенский район,Хутор,Дубровский,"Волгоградская область, Киквидзенский р-н, х. Дубровский, ул. Центральная, д. 26","50.7327778","42.9119444",ФАП,./0.png
Волгоградская область,Киквидзенский район,Село,Завязка,"Волгоградская область, Киквидзенский р-н, с. Завязка, ул. Центральная, д. 15А","50.8152778","43.0491667",ФАП,./0.png
Волгоградская область,Киквидзенский район,Хутор,Чернолагутинский,"Волгоградская область, Киквидзенский р-н, х. Чернолагутинский, ул. Центральная, д. 19","50.6394444","43.3188889",ФАП,./0.png
Волгоградская область,Камышинский район,Село,Таловка,"Волгоградская область, Камышинский р-н, с. Таловка, ул. Молодежная, д. 4а","49.9727778","45.035",ФАП,./0.png
Волгоградская область,Камышинский район,Село,Усть-Грязнуха,"Волгоградская область, Камышинский р-н, с. Усть-Грязнуха, ул. Мира, д. 26 а","50.4797222","45.4241667",ФАП,./0.png
Волгоградская область,Камышинский район,Село,Чухонастовка,"Волгоградская область, Камышинский р-н, с. Чухонастовка, ул. Горская, д. 9","49.86","45.1047222",ФАП,./0.png
Волгоградская область,Камышинский район,Село,Щербаковка,"Волгоградская область, Камышинский р-н, с. Щербаковка, ул. Центральная, д. 13","50.5141667","45.7602778",ФАП,./0.png
Волгоградская область,Камышинский район,Село,Костарево,"Волгоградская область, Камышинский р-н, с. Костарево, ул. Октябрьская, д. 9","50.0638889","44.9588889",ФАП,./0.png
Волгоградская область,Камышинский район,Село,Куланинка,"Волгоградская область, Камышинский р-н, с. Куланинка, ул. Школьная, д. 3","50.4188889","45.6988889",ФАП,./0.png
Волгоградская область,Камышинский район,Поселок,Нагорный,"Волгоградская область, Камышинский р-н, п. Нагорный, ул. Школьная, д. 1","50.3041667","45.6261111",ФАП,./0.png
Волгоградская область,Камышинский район,Село,Петрунино,"Волгоградская область, Камышинский р-н, с. Петрунино, ул. Молодёжная, д. 14","50.1005556","45.0844444",ФАП,./0.png
Волгоградская область,Камышинский район,Село,Галка,"Волгоградская область, Камышинский р-н, с. Галка, ул. Цветочный Бульвар, д. 16","50.3752778","45.7991667",ФАП,./0.png
Волгоградская область,Камышинский район,Поселок,Госселекстанция,"Волгоградская область, Камышинский р-н, п. Госселекстанция, ул. Почтовая, д. 4","50.0247222","45.1255556",ФАП,./0.png
Волгоградская область,Камышинский район,Село,Дворянское,"Волгоградская область, Камышинский р-н, с. Дворянское, ул. Советская, д. 24 а","50.2447222","45.2858333",ФАП,./0.png
Волгоградская область,Камышинский район,Хутор,Калиновка,"Волгоградская область, Камышинский р-н, х. Калиновка, ул. Южная, д. 1","50.465","45.24",ФАП,./0.png
Волгоградская область,Ленинский район,Село,Покровка,"Волгоградская область, Ленинский р-н, с. Покровка, ул. Береговая, д. 4","48.4761111","45.0386111",ФАП,./0.png
Волгоградская область,Ленинский район,Поселок,Путь Ильича,"Волгоградская область, Ленинский р-н, п. Путь Ильича, ул. Барышнева, д. 30","48.9716667","45.5644444",ФАП,./0.png
Волгоградская область,Ленинский район,Поселок,Рассвет,"Волгоградская область, Ленинский р-н, п. Рассвет, ул. Школьная, д. 4","49.1069444","45.4733333",ФАП,./0.png
Волгоградская область,Ленинский район,Поселок,Степной,"Волгоградская область, Ленинский р-н, п. Степной, ул. Добровольского, д. 29","48.9294444","45.5933333",ФАП,./0.png
Волгоградская область,Ленинский район,Село,Каршевитое,"Волгоградская область, Ленинский р-н, с. Каршевитое, ул. Заречная, д. 3/2","48.4530556","45.3069444",ФАП,./0.png
Волгоградская область,Ленинский район,Село,Колобовка,"Волгоградская область, Ленинский р-н, с. Колобовка, ул. Пушкина, д. 5","48.6602778","45.4544444",ФАП,./0.png
Волгоградская область,Ленинский район,Село,Маляевка,"Волгоградская область, Ленинский р-н, с. Маляевка, ул. Кузнечная, д. 12","48.6830556","45.2836111",ФАП,./0.png
Волгоградская область,Ленинский район,Поселок,Маяк Октября,"Волгоградская область, Ленинский р-н, п. Маяк Октября, ул. Советская, д. 17","49.2338889","45.6447222",ФАП,./0.png
Волгоградская область,Кумылженский район,Станица,Скуришенская,"Волгоградская область, Кумылженский р-н, ст-ца. Скуришенская, ул. Ленина, д. 21/5","49.8458333","42.9333333",ФАП,./0.png
Волгоградская область,Кумылженский район,Хутор,Филин,"Волгоградская область, Кумылженский р-н, х. Филин, ул. Почтовая, д. 13","49.9625","42.2502778",ФАП,./0.png
Волгоградская область,Кумылженский район,Хутор,Шакин,"Волгоградская область, Кумылженский р-н, х. Шакин, ул. Центральная, д. 26","49.8502778","42.1852778",ФАП,./0.png
Волгоградская область,Кумылженский район,Хутор,Ярской 1-й,"Волгоградская область, Кумылженский р-н, х. Ярской 1-й, ул. Центральная, д. 4а","49.9908333","42.6333333",ФАП,./0.png
Волгоградская область,Кумылженский район,Хутор,Остроухов,"Волгоградская область, Кумылженский р-н, х. Остроухов, пер. Хлебный, д. 9","49.7766667","42.4416667",ФАП,./0.png
Волгоградская область,Кумылженский район,Хутор,Попов,"Волгоградская область, Кумылженский р-н, х. Попов, ул. Почтовая, д. 5","49.9722222","42.0816667",ФАП,./0.png
Волгоградская область,Кумылженский район,Хутор,Потаповский,"Волгоградская область, Кумылженский р-н, х. Потаповский, ул. Молодежная, д. 1","49.9366667","42.7058333",ФАП,./0.png
Волгоградская область,Кумылженский район,Хутор,Родионовский,"Волгоградская область, Кумылженский р-н, х. Родионовский, ул. Колхозная, д. 4","49.9497222","42.5813889",ФАП,./0.png
Волгоградская область,Котовский район,Станция,ст. Лапшинская,"Волгоградская область, Котовский р-н, ст. Лапшинская, ул. Мира, д. 14","50.3622222","44.9991667",ФАП,./0.png
Волгоградская область,Кумылженский район,Хутор,Белогорский,"Волгоградская область, Кумылженский р-н, х. Белогорский, ул. Центральная, д. 24","49.9080556","41.9288889",ФАП,./0.png
Волгоградская область,Кумылженский район,Хутор,Краснополов,"Волгоградская область, Кумылженский р-н, х. Краснополов, ул. Пристанского, д. 4","49.8427778","42.0419444",ФАП,./0.png
Волгоградская область,Кумылженский район,Станица,Кумылженская,"Волгоградская область, Кумылженский р-н, ст-ца. Кумылженская, ул. Есенина, д. 33","49.8813889","42.5902778",ФАП,./0.png
Волгоградская область,Котовский район,Хутор,Нижние Коробки,"Волгоградская область, Котовский р-н, х. Нижние Коробки, ул. Центральная, д. 8","50.3294444","44.4933333",ФАП,./0.png
Волгоградская область,Котовский район,Село,Племхоз,"Волгоградская область, Котовский р-н, с. Племхоз, ул. Центральная, д. 23","50.2283333","44.8327778",ФАП,./0.png
Волгоградская область,Котовский район,Село,Слюсарево,"Волгоградская область, Котовский р-н, с. Слюсарево, ул. Советская, д. 12","50.4833333","44.7722222",ФАП,./0.png
Волгоградская область,Котовский район,Село,Смородино,"Волгоградская область, Котовский р-н, с. Смородино, ул. Победы, д. 43","50.3480556","45.1111111",ФАП,./0.png
Волгоградская область,Котельниковский район,Станица,Пугачевская,"Волгоградская область, Котельниковский р-н, ст-ца. Пугачевская, ул. Потемкинская, д. 3/2","48.0130556","43.1583333",ФАП,./0.png
Волгоградская область,Котельниковский район,Поселок,Равнинный,"Волгоградская область, Котельниковский р-н, п. Равнинный, ул. Раздольная, д. 13","47.8422222","43.4763889",ФАП,./0.png
Волгоградская область,Котовский район,Село,Крячки,"Волгоградская область, Котовский р-н, с. Крячки, ул. Советская, д. 10А","50.525","44.8825",ФАП,./0.png
Волгоградская область,Котовский район,Село,Моисеево,"Волгоградская область, Котовский р-н, с. Моисеево, ул. Октябрьская, д. 52","50.2119444","44.745",ФАП,./0.png
Волгоградская область,Котельниковский район,Хутор,Нагольный,"Волгоградская область, Котельниковский р-н, х. Нагольный, ул. Школьная, д. 9","47.5822222","43.1611111",ФАП,./0.png
Волгоградская область,Котельниковский район,Хутор,Нижнеяблочный,"Волгоградская область, Котельниковский р-н, х. Нижнеяблочный, ул. Северная, д. 2","47.8480556","43.1002778",ФАП,./0.png
Волгоградская область,Котельниковский район,Хутор,Пимено-Черни,"Волгоградская область, Котельниковский р-н, х. Пимено-Черни, ул. им М.Цепилова, д. 16","47.6997222","43.4738889",ФАП,./0.png
Волгоградская область,Котельниковский район,Хутор,Поперечный,"Волгоградская область, Котельниковский р-н, х. Поперечный, ул. Солнечная, д. 1а","47.5158333","43.5275",ФАП,./0.png
Волгоградская область,Новоаннинский район,Хутор,Кузнецовский,"Волгоградская область, Новоаннинский р-н, х. Кузнецовский, ул. Продольная, д. 38","50.4352778","42.6905556",ФАП,./0.png
Волгоградская область,Новоаннинский район,Хутор,Новокиевка,"Волгоградская область, Новоаннинский р-н, х. Новокиевка, пер. Больничный, д. д. 22","50.4211111","43.1233333",ФАП,./0.png
Волгоградская область,Новоаннинский район,Поселок,Новосельский,"Волгоградская область, Новоаннинский р-н, п. Новосельский, ул. Школьная, д. 2","50.3686111","42.9830556",ФАП,./0.png
Волгоградская область,Новоаннинский район,Хутор,Полтавский,"Волгоградская область, Новоаннинский р-н, х. Полтавский, ул. Набережная, д. 1","50.3738889","43.0722222",ФАП,./0.png
Волгоградская область,Новоаннинский район,Хутор,Бочаровский,"Волгоградская область, Новоаннинский р-н, х. Бочаровский, ул. Интернациональная, д. 2","50.3833333","42.6594444",ФАП,./0.png
Волгоградская область,Новоаннинский район,Хутор,Галушкинский,"Волгоградская область, Новоаннинский р-н, х. Галушкинский, ул. Крестьянская, д. 28","50.7469444","42.8452778",ФАП,./0.png
Волгоградская область,Новоаннинский район,Хутор,Дурновский,"Волгоградская область, Новоаннинский р-н, х. Дурновский, ул. Казачья, д. 36","50.4683333","42.4105556",ФАП,./0.png
Волгоградская область,Новоаннинский район,Хутор,Краснокоротковский,"Волгоградская область, Новоаннинский р-н, х. Краснокоротковский, ул. Центральная, д. 69","50.6141667","42.655",ФАП,./0.png
Волгоградская область,Николаевский район,Село,Солодушино,"Волгоградская область, Николаевский р-н, с. Солодушино, ул. Советская, д. 19","49.9608333","45.4227778",ФАП,./0.png
Волгоградская область,Николаевский район,Поселок,Степновский,"Волгоградская область, Николаевский р-н, п. Степновский, ул. Советская, д. 30/2","49.9411111","45.8183333",ФАП,./0.png
Волгоградская область,Новоаннинский район,Хутор,Алимов-Любимовский,"Волгоградская область, Новоаннинский р-н, х. Алимов-Любимовский, ул. Центральная, д. 85","50.2661111","42.7561111",ФАП,./0.png
Волгоградская область,Новоаннинский район,Хутор,Березовка 1-я,"Волгоградская область, Новоаннинский р-н, х. Березовка 1-я, ул. Продольная, д. 7","50.545","42.6147222",ФАП,./0.png
Волгоградская область,Николаевский район,Село,Очкуровка,"Волгоградская область, Николаевский р-н, с. Очкуровка, ул. Советская, д. 28","49.99","45.4333333",ФАП,./0.png
Волгоградская область,Николаевский район,Поселок,Пионер,"Волгоградская область, Николаевский р-н, п. Пионер, ул. Абрикосовая, д. 4","50.0638889","45.6772222",ФАП,./0.png
Волгоградская область,Николаевский район,Село,Путь Ильича,"Волгоградская область, Николаевский р-н, с. Путь Ильича, ул. Макаренко, д. 22","49.9158333","45.7913889",ФАП,./0.png
Волгоградская область,Николаевский район,Село,Раздольное,"Волгоградская область, Николаевский р-н, с. Раздольное, ул. Некрасова, д. 18а","49.9130556","46.0541667",ФАП,./0.png
Волгоградская область,Николаевский район,Село,Комсомолец,"Волгоградская область, Николаевский р-н, с. Комсомолец, ул. Чеботарева, д. 3/1","49.9577778","45.6422222",ФАП,./0.png
Волгоградская область,Николаевский район,Хутор,Красный Мелиоратор,"Волгоградская область, Николаевский р-н, х. Красный Мелиоратор, ул. Ленина, д. 3б","50.025","46.0938889",ФАП,./0.png
Волгоградская область,Николаевский район,Село,Ленинское,"Волгоградская область, Николаевский р-н, с. Ленинское, ул. Степная, д. 1","50.0397222","45.5480556",ФАП,./0.png
Волгоградская область,Николаевский район,Хутор,Новый Быт,"Волгоградская область, Николаевский р-н, х. Новый Быт, ул. Ленина, д. 9/2","49.8205556","45.9055556",ФАП,./0.png
Волгоградская область,Нехаевский район,Станица,Луковская,"Волгоградская область, Нехаевский р-н, ст-ца. Луковская, ул. Мира, д. 24","50.5802778","41.8633333",ФАП,./0.png
Волгоградская область,Нехаевский район,Хутор,Нижнедолговский,"Волгоградская область, Нехаевский р-н, х. Нижнедолговский, пер. Шолохова, д. 3","50.5183333","41.6741667",ФАП,./0.png
Волгоградская область,Нехаевский район,Хутор,Успенка,"Волгоградская область, Нехаевский р-н, х. Успенка, ул. Центральная, д. 59","50.6363889","41.4772222",ФАП,./0.png
Волгоградская область,Нехаевский район,Хутор,Хорошенский,"Волгоградская область, Нехаевский р-н, х. Хорошенский, ул. Южная, д. 11","50.2861111","41.7361111",ФАП,./0.png
Волгоградская область,Нехаевский район,Хутор,Захоперский,"Волгоградская область, Нехаевский р-н, х. Захоперский, ул. Московская, д. 65","50.4894444","41.9161111",ФАП,./0.png
Волгоградская область,Нехаевский район,Хутор,Каменский,"Волгоградская область, Нехаевский р-н, х. Каменский, ул. Центральная, д. 1","50.2044444","41.6066667",ФАП,./0.png
Волгоградская область,Нехаевский район,Село,Краснополье,"Волгоградская область, Нехаевский р-н, с. Краснополье, ул. Ленина, д. 115","50.4944444","41.4566667",ФАП,./0.png
Волгоградская область,Нехаевский район,Хутор,Лобачевский,"Волгоградская область, Нехаевский р-н, х. Лобачевский, , д. 0","50.4013889","41.6494444",ФАП,./0.png
Волгоградская область,Ленинский район,Село,Царев,"Волгоградская область, Ленинский р-н, с. Царев, пер. Школьный, д. 2 а","48.6658333","45.3713889",ФАП,./0.png
Волгоградская область,Нехаевский район,Хутор,Артановский,"Волгоградская область, Нехаевский р-н, х. Артановский, ул. Молодежная, д. 13а","50.3452778","41.9208333",ФАП,./0.png
Волгоградская область,Нехаевский район,Хутор,Верхнереченский,"Волгоградская область, Нехаевский р-н, х. Верхнереченский, ул. Мира, д. 104","50.4747222","41.6033333",ФАП,./0.png
Волгоградская область,Нехаевский район,Хутор,Денисовский,"Волгоградская область, Нехаевский р-н, х. Денисовский, ул. Центральная, д. 18","50.1955556","41.9255556",ФАП,./0.png
Волгоградская область,Ольховский район,Село,Зензеватка,"Волгоградская область, Ольховский р-н, с. Зензеватка, ул. Октябрьская, д. 13","49.7988889","44.5447222",ФАП,./0.png
Волгоградская область,Ольховский район,Село,Каменный Брод,"Волгоградская область, Ольховский р-н, с. Каменный Брод, ул. Верхняя, д. 3а","49.8180556","44.4725",ФАП,./0.png
Волгоградская область,Ольховский район,Село,Киреево,"Волгоградская область, Ольховский р-н, с. Киреево, ул. Центральная, д. 5","50.0080556","44.4838889",ФАП,./0.png
Волгоградская область,Ольховский район,Хутор,Новоольховка,"Волгоградская область, Ольховский р-н, х. Новоольховка, ул. Мира, д. 11","50.0991667","44.4094444",ФАП,./0.png
Волгоградская область,Октябрьский район,Село,Шелестово,"Волгоградская область, Октябрьский р-н, с. Шелестово, ул. им Татаренко, д. 15","47.9791667","44.0508333",ФАП,./0.png
Волгоградская область,Ольховский район,Хутор,Гурово,"Волгоградская область, Ольховский р-н, х. Гурово, ул. Центральная, д. 12/2","50.0677778","44.4097222",ФАП,./0.png
Волгоградская область,Ольховский район,Село,Гусевка,"Волгоградская область, Ольховский р-н, с. Гусевка, ул. Почтовая, д. 63","49.9069444","44.6872222",ФАП,./0.png
Волгоградская область,Ольховский район,Хутор,Забурдяевский,"Волгоградская область, Ольховский р-н, х. Забурдяевский, без. улицы, д. без дома","50.857632","41.767953",ФАП,./0.png
Волгоградская область,Октябрьский район,Село,Ивановка,"Волгоградская область, Октябрьский р-н, с. Ивановка, ул. Центральная, д. 51","48.1908333","43.6952778",ФАП,./0.png
Волгоградская область,Октябрьский район,Хутор,Ильмень-Суворовский,"Волгоградская область, Октябрьский р-н, х. Ильмень-Суворовский, ул. Центральная, д. 10","48.2252778","43.1361111",ФАП,./0.png
Волгоградская область,Октябрьский район,Хутор,Новоаксайский,"Волгоградская область, Октябрьский р-н, х. Новоаксайский, ул. Береговая, д. 6","48.005","43.2641667",ФАП,./0.png
Волгоградская область,Октябрьский район,Село,Перегрузное,"Волгоградская область, Октябрьский р-н, с. Перегрузное, ул. Центральная, д. 26","47.8980556","43.9866667",ФАП,./0.png
Волгоградская область,Октябрьский район,Село,Водино,"Волгоградская область, Октябрьский р-н, с. Водино, ул. Центральная, д. 10","48.0188889","43.9827778",ФАП,./0.png
Волгоградская область,Октябрьский район,Село,Гончаровка,"Волгоградская область, Октябрьский р-н, с. Гончаровка, ул. Центральная, д. 11","48.0141667","44.0761111",ФАП,./0.png
Волгоградская область,Октябрьский район,Село,Жутово 1-е,"Волгоградская область, Октябрьский р-н, с. Жутово 1-е, ул. Центральная, д. 42","47.9491667","43.7747222",ФАП,./0.png
Волгоградская область,Октябрьский район,Село,Жутово 2-е,"Волгоградская область, Октябрьский р-н, с. Жутово 2-е, ул. им Ю.М.Носачева, д. 16/2","47.8047222","43.8619444",ФАП,./0.png
Волгоградская область,Новониколаевский район,Поселок,Хоперский,"Волгоградская область, Новониколаевский р-н, п. Хоперский, ул. Больничная, д. 2","51.0088889","42.7930556",ФАП,./0.png
Волгоградская область,Октябрьский район,Село,Абганерово,"Волгоградская область, Октябрьский р-н, с. Абганерово, ул. Чапаева, д. 18","48.0730556","44.1922222",ФАП,./0.png
Волгоградская область,Октябрьский район,Хутор,Антонов,"Волгоградская область, Октябрьский р-н, х. Антонов, ул. Вишневая, д. 45","47.9827778","43.6255556",ФАП,./0.png
Волгоградская область,Октябрьский район,Село,Васильевка,"Волгоградская область, Октябрьский р-н, с. Васильевка, ул. Шевченко, д. 8","48.1338889","43.8236111",ФАП,./0.png
Волгоградская область,Новониколаевский район,Поселок,Комсомольский,"Волгоградская область, Новониколаевский р-н, п. Комсомольский, ул. Центральная, д. 20","50.9836111","42.4825",ФАП,./0.png
Волгоградская область,Новониколаевский район,Хутор,Куликовский,"Волгоградская область, Новониколаевский р-н, х. Куликовский, ул. Привокзальная, д. 48","50.8416667","42.5411111",ФАП,./0.png
Волгоградская область,Новониколаевский район,Поселок,Мирный,"Волгоградская область, Новониколаевский р-н, п. Мирный, ул. Почтовая, д. д. 2","51.1847222","42.8177778",ФАП,./0.png
Волгоградская область,Новониколаевский район,Рабочий поселок,Новониколаевский,"Волгоградская область, Новониколаевский р-н, рп. Новониколаевский, ул. Степная, д. 26","50.9755556","42.3738889",ФАП,./0.png
Волгоградская область,Новоаннинский район,Станица,Филоновская,"Волгоградская область, Новоаннинский р-н, ст-ца. Филоновская, ул. Советская, д. 12","50.5805556","42.7316667",ФАП,./0.png
Волгоградская область,Новоаннинский район,Хутор,Челышевский,"Волгоградская область, Новоаннинский р-н, х. Челышевский, ул. Лесная, д. 3","50.8266667","42.8130556",ФАП,./0.png
Волгоградская область,Новониколаевский район,Хутор,Двойновский,"Волгоградская область, Новониколаевский р-н, х. Двойновский, ул. Центральная, д. 80","51.0452778","42.4644444",ФАП,./0.png
Волгоградская область,Новониколаевский район,Хутор,Дуплятский,"Волгоградская область, Новониколаевский р-н, х. Дуплятский, ул. Восточная, д. 2","51.1116667","42.3555556",ФАП,./0.png
Волгоградская область,Новоаннинский район,Хутор,Рог-Измайловский,"Волгоградская область, Новоаннинский р-н, х. Рог-Измайловский, ул. Большая, д. 74","50.6563889","42.7544444",ФАП,./0.png
Волгоградская область,Новоаннинский район,Поселок,"совхоз ""АМО""","Волгоградская область, Новоаннинский р-н, п.совхоза. ""АМО"", . Русская, д. 1","50.4236111","42.9291667",ФАП,./0.png
Волгоградская область,Новоаннинский район,Станица,Староаннинская,"Волгоградская область, Новоаннинский р-н, ст-ца. Староаннинская, ул. Центральная, д. 23","50.4938889","42.5458333",ФАП,./0.png
Волгоградская область,Новоаннинский район,Поселок,Тростянский,"Волгоградская область, Новоаннинский р-н, п. Тростянский, ул. Центральная, д. 4","50.4711111","43.2233333",ФАП,./0.png
Волгоградская область,Светлоярский район,Село,Райгород,"Волгоградская область, Светлоярский р-н, с. Райгород, ул. Советская, д. 126","48.4261111","44.9136111",ФАП,./0.png
Волгоградская область,Светлоярский район,Поселок,Северный,"Волгоградская область, Светлоярский р-н, п. Северный, ул. Центральная, д. 10/1","48.3216667","44.0686111",ФАП,./0.png
Волгоградская область,Серафимовичский район,Хутор,Бобровский 2-й,"Волгоградская область, Серафимовичский р-н, х. Бобровский 2-й, ул. Центральная, д. 9","49.4894444","42.7544444",ФАП,./0.png
Волгоградская область,Серафимовичский район,Хутор,Буерак-Поповский,"Волгоградская область, Серафимовичский р-н, х. Буерак-Поповский, ул. Центральная, д. 12","49.5541667","42.6141667",ФАП,./0.png
Волгоградская область,Руднянский район,Село,Сосновка,"Волгоградская область, Руднянский р-н, с. Сосновка, ул. Советская, д. 24","50.7952778","44.2680556",ФАП,./0.png
Волгоградская область,Светлоярский район,Село,Большие Чапурники,"Волгоградская область, Светлоярский р-н, с. Большие Чапурники, ул. Ильина, д. 46 А","48.4172222","44.5844444",ФАП,./0.png
Волгоградская область,Светлоярский район,Село,Ивановка,"Волгоградская область, Светлоярский р-н, с. Ивановка, ул. Рабочая, д. 1","48.4730556","44.3836111",ФАП,./0.png
Волгоградская область,Светлоярский район,Поселок,Луговой,"Волгоградская область, Светлоярский р-н, п. Луговой, ул. Красных Зорь, д. 20","48.2213889","44.4997222",ФАП,./0.png
Волгоградская область,Руднянский район,Село,Козловка,"Волгоградская область, Руднянский р-н, с. Козловка, ул. Майская, д. 46","50.9969444","44.3575",ФАП,./0.png
Волгоградская область,Руднянский район,Железнодорожная станция,Матышево,"Волгоградская область, Руднянский р-н, ж/д_ст. Матышево, , д. 54","50.8233333","44.1955556",ФАП,./0.png
Волгоградская область,Руднянский район,Село,Осички,"Волгоградская область, Руднянский р-н, с. Осички, ул. Мирная, д. 19","50.9488889","44.5052778",ФАП,./0.png
Волгоградская область,Руднянский район,Село,Подкуйково,"Волгоградская область, Руднянский р-н, с. Подкуйково, пер. Красный, д. 51/2","50.8863889","44.5633333",ФАП,./0.png
Волгоградская область,Палласовский район,Хутор,Старая Балка,"Волгоградская область, Палласовский р-н, х. Старая Балка, ул. Клубная, д. 17","49.9875","46.69",ФАП,./0.png
Волгоградская область,Палласовский район,Село,Старая Иванцовка,"Волгоградская область, Палласовский р-н, с. Старая Иванцовка, ул. Школьная, д. 2","50.0388889","46.7152778",ФАП,./0.png
Волгоградская область,Руднянский район,Село,Громки,"Волгоградская область, Руднянский р-н, с. Громки, ул. Каракозовка, д. 12","50.5888889","44.4519444",ФАП,./0.png
Волгоградская область,Руднянский район,Село,Ильмень,"Волгоградская область, Руднянский р-н, с. Ильмень, ул. Мира, д. 6а","50.8336111","44.4047222",ФАП,./0.png
Волгоградская область,Палласовский район,Хутор,Прудентов,"Волгоградская область, Палласовский р-н, х. Прудентов, ул. Прудентовская, д. 6/2","49.6497222","46.3005556",ФАП,./0.png
Волгоградская область,Палласовский район,Поселок,Путь Ильича,"Волгоградская область, Палласовский р-н, п. Путь Ильича, ул. Центральная, д. 8а","49.3233333","46.6963889",ФАП,./0.png
Волгоградская область,Палласовский район,Поселок,Ромашки,"Волгоградская область, Палласовский р-н, п. Ромашки, ул. Урих Андрея, д. 52","50.1991667","46.6713889",ФАП,./0.png
Волгоградская область,Палласовский район,Хутор,Смычка,"Волгоградская область, Палласовский р-н, х. Смычка, ул. Центральная, д. 32а","50.1133333","47.1619444",ФАП,./0.png
Волгоградская область,Палласовский район,Поселок,Кумысолечебница,"Волгоградская область, Палласовский р-н, п. Кумысолечебница, ул. Санаторная, д. 8","50.1813889","47.1941667",ФАП,./0.png
Волгоградская область,Палласовский район,Поселок,Лиманный,"Волгоградская область, Палласовский р-н, п. Лиманный, ул. Школьная, д. 13/1","50.0316667","47.0455556",ФАП,./0.png
Волгоградская область,Палласовский район,Село,Новая Иванцовка,"Волгоградская область, Палласовский р-н, с. Новая Иванцовка, ул. Береговая, д. 14","50.0272222","46.8030556",ФАП,./0.png
Волгоградская область,Палласовский район,Поселок,Новостройка,"Волгоградская область, Палласовский р-н, п. Новостройка, пер. Буденного, д. 8","50.0258333","46.8802778",ФАП,./0.png
Волгоградская область,Палласовский район,Хутор,Гормаки,"Волгоградская область, Палласовский р-н, х. Гормаки, ул. Победы, д. 1/1","49.6563889","46.0941667",ФАП,./0.png
Волгоградская область,Палласовский район,Хутор,Ершов,"Волгоградская область, Палласовский р-н, х. Ершов, ул. Дружбы, д. 18","49.766919","46.287128",ФАП,./0.png
Волгоградская область,Палласовский район,Село,Калашники,"Волгоградская область, Палласовский р-н, с. Калашники, ул. Коммунаров, д. 8/1","49.9105556","46.7305556",ФАП,./0.png
Волгоградская область,Палласовский район,Поселок,Комсомольский,"Волгоградская область, Палласовский р-н, п. Комсомольский, ул. Зеленая, д. 15","49.5413889","46.7536111",ФАП,./0.png
Волгоградская область,Ольховский район,Поселок,Октябрьский,"Волгоградская область, Ольховский р-н, п. Октябрьский, ул. Октябрьская, д. 5","49.6375","44.5563889",ФАП,./0.png
Волгоградская область,Ольховский район,Село,Рыбинка,"Волгоградская область, Ольховский р-н, с. Рыбинка, ул. Центральная, д. 62","49.9922222","44.7730556",ФАП,./0.png
Волгоградская область,Палласовский район,Хутор,Большой Симкин,"Волгоградская область, Палласовский р-н, х. Большой Симкин, ул. Школьная, д. 4","48.891745","46.666821",ФАП,./0.png
Волгоградская область,Палласовский район,Поселок,Венгеловка,"Волгоградская область, Палласовский р-н, п. Венгеловка, ул. Ветеранов, д. 26а","49.2841667","46.8138889",ФАП,./0.png
Волгоградская область,Старополтавский район,Село,Новая Полтавка,"Волгоградская область, Старополтавский р-н, с. Новая Полтавка, ул. Центральная, д. 45","50.4283333","46.3927778",ФАП,./0.png
Волгоградская область,Старополтавский район,Поселок,Торгун,"Волгоградская область, Старополтавский р-н, п. Торгун, ул. Целинная, д. 5","50.2994444","47.2086111",ФАП,./0.png
Волгоградская область,Старополтавский район,Село,Харьковка,"Волгоградская область, Старополтавский р-н, с. Харьковка, ул. Октябрьская, д. 3","50.4233333","46.8113889",ФАП,./0.png
Волгоградская область,Старополтавский район,Село,Черебаево,"Волгоградская область, Старополтавский р-н, с. Черебаево, ул. Советская, д. 8","50.7205556","45.9169444",ФАП,./0.png
Волгоградская область,Старополтавский район,Село,Колышкино,"Волгоградская область, Старополтавский р-н, с. Колышкино, пер. Советский, д. 6","50.4425","45.9177778",ФАП,./0.png
Волгоградская область,Старополтавский район,Село,Курнаевка,"Волгоградская область, Старополтавский р-н, с. Курнаевка, ул. Школьная, д. 1","50.3916667","45.9333333",ФАП,./0.png
Волгоградская область,Старополтавский район,Село,Лятошинка,"Волгоградская область, Старополтавский р-н, с. Лятошинка, ул. Центральная, д. 7","50.615","46.5536111",ФАП,./0.png
Волгоградская область,Старополтавский район,Село,Новая Квасниковка,"Волгоградская область, Старополтавский р-н, с. Новая Квасниковка, ул. Ерусланская, д. 30","50.5761111","46.4533333",ФАП,./0.png
Волгоградская область,Старополтавский район,Село,Валуевка,"Волгоградская область, Старополтавский р-н, с. Валуевка, ул. Садовая, д. 2","50.3530556","46.4138889",ФАП,./0.png
Волгоградская область,Старополтавский район,Село,Верхний Еруслан,"Волгоградская область, Старополтавский р-н, с. Верхний Еруслан, ул. Школьная, д. 10","50.5036111","46.5208333",ФАП,./0.png
Волгоградская область,Старополтавский район,Село,Верхняя Водянка,"Волгоградская область, Старополтавский р-н, с. Верхняя Водянка, ул. Школьная, д. 2","50.4011111","47.105",ФАП,./0.png
Волгоградская область,Старополтавский район,Село,Калинино,"Волгоградская область, Старополтавский р-н, с. Калинино, ул. Центральная, д. 30","50.4813889","46.2022222",ФАП,./0.png
Волгоградская область,Среднеахтубинский район,Хутор,Лебяжья Поляна,"Волгоградская область, Среднеахтубинский р-н, х. Лебяжья Поляна, ул. Павших Борцов, д. д.2 комната 1","48.7672222","44.7027778",ФАП,./0.png
Волгоградская область,Среднеахтубинский район,Хутор,Суходол,"Волгоградская область, Среднеахтубинский р-н, х. Суходол, тер. Микрорайон, д. 1/9","48.6169444","44.8897222",ФАП,./0.png
Волгоградская область,Старополтавский район,Село,Белокаменка,"Волгоградская область, Старополтавский р-н, с. Белокаменка, ул. Пролетарская, д. 180","50.5580556","45.8297222",ФАП,./0.png
Волгоградская область,Старополтавский район,Село,Беляевка,"Волгоградская область, Старополтавский р-н, с. Беляевка, ул. Школьная, д. 11","50.3061111","46.2191667",ФАП,./0.png
Волгоградская область,Серафимовичский район,Хутор,Чеботаревский,"Волгоградская область, Серафимовичский р-н, х. Чеботаревский, ул. Мира, д. 4","49.4844444","42.2916667",ФАП,./0.png
Волгоградская область,Среднеахтубинский район,Село,Верхнепогромное,"Волгоградская область, Среднеахтубинский р-н, с. Верхнепогромное, ул. Центральная, д. 49","48.9508333","44.8511111",ФАП,./0.png
Волгоградская область,Среднеахтубинский район,Хутор,Красный Сад,"Волгоградская область, Среднеахтубинский р-н, х. Красный Сад, ул. Садовая, д. 1а","48.6772222","44.8919444",ФАП,./0.png
Волгоградская область,Среднеахтубинский район,Поселок,Куйбышев,"Волгоградская область, Среднеахтубинский р-н, п. Куйбышев, ул. Школьная, д. 30-2б","48.6780556","44.8494444",ФАП,./0.png
Волгоградская область,Серафимовичский район,Хутор,Среднецарицынский,"Волгоградская область, Серафимовичский р-н, х. Среднецарицынский, ул. Солнечная, д. 8","49.3472222","42.5688889",ФАП,./0.png
Волгоградская область,Серафимовичский район,Хутор,Теркин,"Волгоградская область, Серафимовичский р-н, х. Теркин, ул. Радужная, д. 14","49.7391667","43.1297222",ФАП,./0.png
Волгоградская область,Серафимовичский район,Хутор,Трясиновский,"Волгоградская область, Серафимовичский р-н, х. Трясиновский, ул. Советская, д. 18","49.77","42.9805556",ФАП,./0.png
Волгоградская область,Серафимовичский район,Хутор,Фомихинский,"Волгоградская область, Серафимовичский р-н, х. Фомихинский, ул. Жемчужная, д. 11","49.4136111","42.5625",ФАП,./0.png
Волгоградская область,Серафимовичский район,Хутор,Отрожки,"Волгоградская область, Серафимовичский р-н, х. Отрожки, ул. Центральная, д. 3","49.5688889","42.8522222",ФАП,./0.png
Волгоградская область,Серафимовичский район,Хутор,Песчаный,"Волгоградская область, Серафимовичский р-н, х. Песчаный, ул. Молодежная, д. 10","49.25","42.3641667",ФАП,./0.png
Волгоградская область,Серафимовичский район,Хутор,Пронин,"Волгоградская область, Серафимовичский р-н, х. Пронин, ул. Луговая, д. 4","49.2108333","42.2102778",ФАП,./0.png
Волгоградская область,Серафимовичский район,Хутор,Рубашкин,"Волгоградская область, Серафимовичский р-н, х. Рубашкин, ул. Центральная, д. 10/1","49.4125","42.0538889",ФАП,./0.png
Волгоградская область,Серафимовичский район,Хутор,Горбатовский,"Волгоградская область, Серафимовичский р-н, х. Горбатовский, пер. Школьный, д. 1/2","49.3613889","42.0413889",ФАП,./0.png
Волгоградская область,Серафимовичский район,Хутор,Коротовский,"Волгоградская область, Серафимовичский р-н, х. Коротовский, ул. Центральная, д. 32","49.3211111","42.5625",ФАП,./0.png
Волгоградская область,Серафимовичский район,Хутор,Котовский,"Волгоградская область, Серафимовичский р-н, х. Котовский, ул. Раздольная, д. 3","49.4277778","42.3091667",ФАП,./0.png
Волгоградская область,Серафимовичский район,Хутор,Крутовский,"Волгоградская область, Серафимовичский р-н, х. Крутовский, ул. Солнечная, д. 5","49.5844444","42.23",ФАП,./0.png
Волгоградская область,Фроловский район,Хутор,Амелино,"Волгоградская область, Фроловский р-н, х. Амелино, , д. 1080","49.7980556","43.8558333",ФАП,./0.png
Волгоградская область,Фроловский район,Поселок,Арчединского Лесхоза,"Волгоградская область, Фроловский р-н, п. Арчединского Лесхоза, д. 2004","49.7866667","43.4616667",ФАП,./0.png
Волгоградская область,Фроловский район,Хутор,Верхние Липки,"Волгоградская область, Фроловский р-н, х. Верхние Липки, , д. 207","49.6266667","43.8486111",ФАП,./0.png
Волгоградская область,Фроловский район,Хутор,Красные Липки,"Волгоградская область, Фроловский р-н, х. Красные Липки, , д. 74","49.6405556","43.7413889",ФАП,./0.png
Волгоградская область,Урюпинский район,Хутор,Первомайский,"Волгоградская область, Урюпинский р-н, х. Первомайский, ул. Пролетарская, д. 22","51.1172222","41.8608333",ФАП,./0.png
Волгоградская область,Урюпинский район,Хутор,Россошинский,"Волгоградская область, Урюпинский р-н, х. Россошинский, ул. Садовая, д. 1","50.6816667","41.7961111",ФАП,./0.png
Волгоградская область,Урюпинский район,Хутор,Салтынский,"Волгоградская область, Урюпинский р-н, х. Салтынский, ул. Центральная, д. 74","51.0461111","41.9186111",ФАП,./0.png
Волгоградская область,Урюпинский район,Станица,Тепикинская,"Волгоградская область, Урюпинский р-н, ст-ца. Тепикинская, пер. Почтовый, д. 5","50.6602778","41.9030556",ФАП,./0.png
Волгоградская область,Урюпинский район,Хутор,Дьяконовский 2-й,"Волгоградская область, Урюпинский р-н, х. Дьяконовский 2-й, ул. Юбилейная, д. 6","50.7630556","42.0775",ФАП,./0.png
Волгоградская область,Урюпинский район,Хутор,Котовский,"Волгоградская область, Урюпинский р-н, х. Котовский, ул. Центральная, д. 39","50.8494444","41.9511111",ФАП,./0.png
Волгоградская область,Урюпинский район,Хутор,Нижнеантошинский,"Волгоградская область, Урюпинский р-н, х. Нижнеантошинский, ул. Широкая, д. 53","50.8447222","41.6530556",ФАП,./0.png
Волгоградская область,Урюпинский район,Хутор,Ольховский,"Волгоградская область, Урюпинский р-н, х. Ольховский, ул. Луговая, д. 9","50.8547222","41.6411111",ФАП,./0.png
Волгоградская область,Урюпинский район,Хутор,Вишняковский,"Волгоградская область, Урюпинский р-н, х. Вишняковский, ул. Молодежная, д. 3","50.9508333","42.0980556",ФАП,./0.png
Волгоградская область,Урюпинский район,Хутор,Горский,"Волгоградская область, Урюпинский р-н, х. Горский, , д. 128","50.8022222","41.9383333",ФАП,./0.png
Волгоградская область,Урюпинский район,Хутор,Долгий,"Волгоградская область, Урюпинский р-н, х. Долгий, ул. Победы, д. 63","50.6388889","42.3102778",ФАП,./0.png
Волгоградская область,Урюпинский район,Хутор,Дьяконовский 1-й,"Волгоградская область, Урюпинский р-н, х. Дьяконовский 1-й, пер. Спортивный, д. 3","50.6447222","41.9708333",ФАП,./0.png
Волгоградская область,Суровикинский район,Хутор,Суханов,"Волгоградская область, Суровикинский р-н, х. Суханов, ул. Поселок 2, д. 24","48.9191667","43.2425",ФАП,./0.png
Волгоградская область,Суровикинский район,Хутор,Сысоевский,"Волгоградская область, Суровикинский р-н, х. Сысоевский, ул. Центральная, д. 5","48.4555556","42.8491667",ФАП,./0.png
Волгоградская область,Урюпинский район,Хутор,Бубновский,"Волгоградская область, Урюпинский р-н, х. Бубновский, ул. Ленина, д. 10","50.9677778","41.8216667",ФАП,./0.png
Волгоградская область,Урюпинский район,Хутор,Верхнебезымяновский,"Волгоградская область, Урюпинский р-н, х. Верхнебезымяновский, пер. Школьный, д. 3","50.777304","41.680519",ФАП,./0.png
Волгоградская область,Суровикинский район,Хутор,Новодербеновский,"Волгоградская область, Суровикинский р-н, х. Новодербеновский, ул. Центральная, д. 19","48.5477778","42.7058333",ФАП,./0.png
Волгоградская область,Суровикинский район,Хутор,Пещеровский,"Волгоградская область, Суровикинский р-н, х. Пещеровский, ул. Заречная, д. 24","48.3433333","42.8219444",ФАП,./0.png
Волгоградская область,Суровикинский район,Хутор,Савинский,"Волгоградская область, Суровикинский р-н, х. Савинский, ул. Степная, д. 29","48.7347222","42.9813889",ФАП,./0.png
Волгоградская область,Суровикинский район,Город,Суровикино,"Волгоградская область, Суровикинский р-н, г. Суровикино, ул. Придорожная, д. 4","48.5930556","42.91",ФАП,./0.png
Волгоградская область,Суровикинский район,Хутор,Качалин,"Волгоградская область, Суровикинский р-н, х. Качалин, ул. Садовая, д. 16а","48.7469444","43.2030556",ФАП,./0.png
Волгоградская область,Суровикинский район,Хутор,Лобакин,"Волгоградская область, Суровикинский р-н, х. Лобакин, ул. Центральная, д. 6","48.7927778","42.8436111",ФАП,./0.png
Волгоградская область,Суровикинский район,Хутор,Лысов,"Волгоградская область, Суровикинский р-н, х. Лысов, пер. Школьный, д. 2","48.6508333","43.1736111",ФАП,./0.png
Волгоградская область,Суровикинский район,Хутор,Майоровский,"Волгоградская область, Суровикинский р-н, х. Майоровский, ул. Мира, д. 24","48.8941667","43.1883333",ФАП,./0.png
Волгоградская область,Суровикинский район,Хутор,Ближнеосиновский,"Волгоградская область, Суровикинский р-н, х. Ближнеосиновский, ул. Центральная, д. 1","48.5330556","43.0447222",ФАП,./0.png
Волгоградская область,Суровикинский район,Хутор,Бурацкий,"Волгоградская область, Суровикинский р-н, х. Бурацкий, ул. Центральная, д. 6/1","48.5263889","43.1325",ФАП,./0.png
Волгоградская область,Суровикинский район,Хутор,Верхнечирский,"Волгоградская область, Суровикинский р-н, х. Верхнечирский, ул. Цимлянская, д. 151/1","48.4844444","43.1963889",ФАП,./0.png
Волгоградская область,Суровикинский район,Хутор,Добринка,"Волгоградская область, Суровикинский р-н, х. Добринка, ул. Школьная, д. 5","48.8161111","42.9777778",ФАП,./0.png
Волгоградская область,Чернышковский район,Хутор,Елкино,"Волгоградская область, Чернышковский р-н, х. Елкино, ул. Школьная, д. 1","48.3111111","42.3644444",ФАП,./0.png
Волгоградская область,Чернышковский район,Хутор,Захаров,"Волгоградская область, Чернышковский р-н, х. Захаров, ул. Советская, д. 1","48.1641667","42.7633333",ФАП,./0.png
Волгоградская область,Чернышковский район,Хутор,Пристеновский,"Волгоградская область, Чернышковский р-н, х. Пристеновский, ул. Центральная, д. 20/2","48.2619444","42.8794444",ФАП,./0.png
Волгоградская область,Фроловский район,Хутор,Шуруповский,"Волгоградская область, Фроловский р-н, х. Шуруповский, ул. Седова, д. 16/2","49.7302778","43.7086111",ФАП,./0.png
Волгоградская область,Чернышковский район,Хутор,Большетерновой,"Волгоградская область, Чернышковский р-н, х. Большетерновой, ул. Советская, д. 7","48.4863889","42.4527778",ФАП,./0.png
Волгоградская область,Чернышковский район,Хутор,Верхнегнутов,"Волгоградская область, Чернышковский р-н, х. Верхнегнутов, ул. Первомайская, д. 20","48.2461111","42.2461111",ФАП,./0.png
Волгоградская область,Чернышковский район,Хутор,Волоцкий,"Волгоградская область, Чернышковский р-н, х. Волоцкий, ул. Школьная, д. 1","48.3675","42.2091667",ФАП,./0.png
Волгоградская область,Фроловский район,Станица,Малодельская,"Волгоградская область, Фроловский р-н, ст-ца. Малодельская, , д. 1057","50.1877778","43.8919444",ФАП,./0.png
Волгоградская область,Фроловский район,Поселок,Образцы,"Волгоградская область, Фроловский р-н, п. Образцы, , д. 1008","49.7861111","44.0105556",ФАП,./0.png
Волгоградская область,Фроловский район,Хутор,Писаревка,"Волгоградская область, Фроловский р-н, х. Писаревка, , д. 1033","49.6747222","43.9855556",ФАП,./0.png
Волгоградская область,Фроловский район,Поселок,Пригородный,"Волгоградская область, Фроловский р-н, п. Пригородный, ул. 40 лет Октября, д. 334","49.7861111","43.6497222",ФАП,./0.png
Пензенская область,Сердобский район,Поселок,Октябрьский,"Пензенская область, Сердобский район,  п. Октябрьский, ул. Садовая, 2","47.959734","43.660782",ФАП,./0.png
