Кратк,Регио,МО,Тип н�,Насел,Адрес,Широт,Долго,icon_url
"0",Кемеровская область,Тисульский район,Село,Большой Берчикуль,"Россия, Кемеровская область, Тисульский район, Село Большой Берчикуль, пер. Советский, д. 2","55.637185","88.305066",./0.png
"0",Кемеровская область,Тисульский район,Село,Усть-Колба,"Россия, Кемеровская область, Тисульский район, Село Усть-Колба, ул. Советская, д. 15А","55.882661","88.304015",./0.png
"0",Кемеровская область,Тисульский район,Поселок,Центральный,"Россия, Кемеровская область, Тисульский район, Поселок Центральный, ул. Леонова, д. 5","55.212279","87.648091",./0.png
"0",Кемеровская область,Тисульский район,Деревня,Байла,"Россия, Кемеровская область, Тисульский район, Деревня Байла, ул. Трактовая, д. 24","55.744896","88.500721",./0.png
"0",Кемеровская область,Тисульский район,Село,Третьяково,"Россия, Кемеровская область, Тисульский район, Село Третьяково, ул. Береговая, д. 55","55.797458","88.442562",./0.png
"0",Кемеровская область,Тисульский район,Деревня,Серебряково,"Россия, Кемеровская область, Тисульский район, Деревня Серебряково, ул. Центральная, д. 82А","55.692846","89.026737",./0.png
"0",Кемеровская область,Прокопьевский район,Поселок,Ключи,"Россия, Кемеровская область, Прокопьевский район, Поселок Ключи, ул. Молодежная, д. 12-1","53.960751","86.859389",./0.png
"0",Кемеровская область,Прокопьевский район,Поселок,Тихоновка,"Россия, Кемеровская область, Прокопьевский район, Поселок Тихоновка, ул. Школьная, д. 1","54.127275","86.956973",./0.png
"0",Кемеровская область,Прокопьевский район,Поселок,Новостройка,"Россия, Кемеровская область, Прокопьевский район, Поселок Новостройка, ул. Боровская, д. 7-1","53.863126","86.491242",./0.png
"0",Кемеровская область,Тисульский район,Поселок,Большая Натальевка,"Россия, Кемеровская область, Тисульский район, Поселок Большая Натальевка, ул. Почтовая, д. 3","55.51829","87.932382",./0.png
"0",Кемеровская область,Новокузнецкий район,Поселок,Федоровка,"Россия, Кемеровская область, Новокузнецкий район, Поселок Федоровка, ул. Барнаульская, д. 12-5","53.577689","87.281636",./0.png
"0",Кемеровская область,Новокузнецкий район,Село,Кругленькое,"Россия, Кемеровская область, Новокузнецкий район, Село Кругленькое, ул. Мира, д. 2б","53.812194","87.207065",./0.png
"0",Кемеровская область,Новокузнецкий район,Поселок,Рассвет,"Россия, Кемеровская область, Новокузнецкий район, Поселок Рассвет, ул. Ленина, д. 15-1","53.720391","86.937595",./0.png
"0",Кемеровская область,Ижморский район,Село,Новославянка,"Россия, Кемеровская область, Ижморский район, Село Новославянка, ул. Молодежная, д. 22","56.536311","86.78986",./0.png
"0",Кемеровская область,Новокузнецкий район,Поселок,Загадное,"Россия, Кемеровская область, Новокузнецкий район, Поселок Загадное, ул. Подгорная, д. 4-2","54.147009","87.815491",./0.png
"0",Кемеровская область,Новокузнецкий район,Село,Лыс,"Россия, Кемеровская область, Новокузнецкий район, Село Лыс, ул. Мира, д. 6","53.151672","87.039883",./0.png
"0",Кемеровская область,Новокузнецкий район,Село,Бунгур,"Россия, Кемеровская область, Новокузнецкий район, Село Бунгур, ул. Ленинская, д. 7А","53.744365","87.004216",./0.png
"0",Кемеровская область,Новокузнецкий район,Деревня,Михайловка,"Россия, Кемеровская область, Новокузнецкий район, Деревня Михайловка, ул. Зеленая, д. 6","53.744655","86.993807",./0.png
"0",Кемеровская область,Новокузнецкий район,Село,Бенжереп 1-й,"Россия, Кемеровская область, Новокузнецкий район, Село Бенжереп 1-й, ул. Центральная, д. 24","53.322069","86.989033",./0.png
"0",Кемеровская область,Новокузнецкий район,Поселок,Подгорный,"Россия, Кемеровская область, Новокузнецкий район, Поселок Подгорный, ул. Центральная, д. 1б","53.815506","87.014969",./0.png
"0",Кемеровская область,Новокузнецкий район,Поселок,Зеленый Луг,"Россия, Кемеровская область, Новокузнецкий район, Поселок Зеленый Луг, ул. Новая, д. 5-2","53.481109","87.303407",./0.png
"0",Кемеровская область,Новокузнецкий район,Поселок,Мутный,"Россия, Кемеровская область, Новокузнецкий район, Поселок Мутный, ул. Нижняя, д. 1","54.367346","87.620862",./0.png
"0",Кемеровская область,Новокузнецкий район,Поселок,Чичербаево,"Россия, Кемеровская область, Новокузнецкий район, Поселок Чичербаево, ул. Центральная, д. 58","53.993417","87.17594",./0.png
"0",Кемеровская область,Новокузнецкий район,Поселок,Ананьино,"Россия, Кемеровская область, Новокузнецкий район, Поселок Ананьино, ул. Нагорная, д. 15","53.572373","86.862888",./0.png
"0",Кемеровская область,Новокузнецкий район,Село,Красулино,"Россия, Кемеровская область, Новокузнецкий район, Село Красулино, ул. Центральная, д. 6","54.027073","87.085612",./0.png
"0",Кемеровская область,Новокузнецкий район,Поселок,Успенка,"Россия, Кемеровская область, Новокузнецкий район, Поселок Успенка, ул. Центральная, д. 10","54.08222","87.220022",./0.png
"0",Кемеровская область,Новокузнецкий район,Село,Таргай,"Россия, Кемеровская область, Новокузнецкий район, Село Таргай, ул. Чистая Грива, д. 23а","53.565819","87.153435",./0.png
"0",Кемеровская область,Новокузнецкий район,Поселок,Тальжино,"Россия, Кемеровская область, Новокузнецкий район, Поселок Тальжино, ул. Школьная, д. 1","53.748603","87.436287",./0.png
"0",Кемеровская область,Новокузнецкий район,Поселок,Тальжино,"Россия, Кемеровская область, Новокузнецкий район, Поселок Тальжино, ул. Советская, д. 36","53.759198","87.412823",./0.png
"0",Кемеровская область,Новокузнецкий район,Поселок,Усть-Аскарлы,"Россия, Кемеровская область, Новокузнецкий район, Поселок Усть-Аскарлы, ул. Центральная, д. 17А","54.194576","87.557578",./0.png
"0",Кемеровская область,Яйский район,Деревня,Емельяновка,"Россия, Кемеровская область, Яйский район, Деревня Емельяновка, ул. Молодежная, д. 3","56.378728","85.906295",./0.png
"0",Кемеровская область,Новокузнецкий район,Поселок,Терехино,"Россия, Кемеровская область, Новокузнецкий район, Поселок Терехино, ул. Центральная, д. 29-1","53.990739","87.336637",./0.png
"0",Кемеровская область,Новокузнецкий район,Село,Бенжереп 2-й,"Россия, Кемеровская область, Новокузнецкий район, Село Бенжереп 2-й, ул. Зеленая, д. 2","53.266054","86.796432",./0.png
"0",Кемеровская область,Новокузнецкий район,Поселок,Баевка,"Россия, Кемеровская область, Новокузнецкий район, Поселок Баевка, ул. Зеленая, д. 46","53.725601","87.415435",./0.png
"0",Кемеровская область,Яйский район,Деревня,Марьевка,"Россия, Кемеровская область, Яйский район, Деревня Марьевка, ул. Школьная, д. 13-15","56.2971","86.389432",./0.png
"0",Кемеровская область,Яйский район,Село,Яя-Борик,"Россия, Кемеровская область, Яйский район, Село Яя-Борик, ул. Центральная, д. 85-1","56.274465","86.454317",./0.png
"0",Кемеровская область,Яйский район,Село,Верх-Великосельское,"Россия, Кемеровская область, Яйский район, Село Верх-Великосельское, ул. Советская, д. 60-1","56.423764","86.36493",./0.png
"0",Кемеровская область,Яйский район,Поселок,Турат,"Россия, Кемеровская область, Яйский район, Поселок Турат, ул. Майская, д. 1","56.082677","86.178332",./0.png
"0",Кемеровская область,Яйский район,Поселок,Новостройка,"Россия, Кемеровская область, Яйский район, Поселок Новостройка, ул. Гагарина, д. 2-1","56.178198","86.106817",./0.png
"0",Кемеровская область,Яйский район,Село,Ишим,"Россия, Кемеровская область, Яйский район, Село Ишим, пер. Садовый, д. 3","56.515181","86.222439",./0.png
"0",Кемеровская область,Яйский район,Село,Вознесенка,"Россия, Кемеровская область, Яйский район, Село Вознесенка, ул. 10-й пятилетки, д. 1","56.320328","85.954121",./0.png
"0",Кемеровская область,Гурьевский район,Поселок,Тайгинский леспромхоз,"Россия, Кемеровская область, Гурьевский район, Поселок Тайгинский леспромхоз, пер. Школьный, д. 7","54.507991","85.124626",./0.png
"0",Кемеровская область,Гурьевский район,Село,Кочкуровка,"Россия, Кемеровская область, Гурьевский район, Село Кочкуровка, ул. К.Маркса, д. 56","54.391197","85.565867",./0.png
"0",Кемеровская область,Гурьевский район,Деревня,Шанда,"Россия, Кемеровская область, Гурьевский район, Деревня Шанда, ул. Шоссейная, д. 2","54.312095","86.067603",./0.png
"0",Кемеровская область,Гурьевский район,Село,Кулебакино,"Россия, Кемеровская область, Гурьевский район, Село Кулебакино, ул. Молодежная, д. 8","54.412456","85.840454",./0.png
"0",Кемеровская область,Тяжинский район,Село,Преображенка,"Россия, Кемеровская область, Тяжинский район, Село Преображенка, ул. Советская, д. 30 Б","56.039252","88.569299",./0.png
"0",Кемеровская область,Тяжинский район,Деревня,Изындаево,"Россия, Кемеровская область, Тяжинский район, Деревня Изындаево, ул. Школьная, д. 4","55.748053","89.186968",./0.png
"0",Кемеровская область,Тяжинский район,Село,Старый Тяжин,"Россия, Кемеровская область, Тяжинский район, Село Старый Тяжин, ул. Московская, д. 60Б","56.137478","88.57314",./0.png
"0",Кемеровская область,Тяжинский район,Деревня,Чернышово,"Россия, Кемеровская область, Тяжинский район, Деревня Чернышово, ул. Чулымская, д. 4","55.952475","89.259715",./0.png
"0",Кемеровская область,Тяжинский район,Село,Чулым,"Россия, Кемеровская область, Тяжинский район, Село Чулым, ул. Центральная, д. 3","56.043404","89.205452",./0.png
"0",Кемеровская область,Тяжинский район,Поселок,Октябрьский,"Россия, Кемеровская область, Тяжинский район, Поселок Октябрьский, ул. Школьная, д. 2 А","56.167281","88.406108",./0.png
"0",Кемеровская область,Тяжинский район,Поселок,Листвянка,"Россия, Кемеровская область, Тяжинский район, Поселок Листвянка, ул. Стройгородок, д. 10","56.068605","88.394055",./0.png
"0",Кемеровская область,Тяжинский район,Деревня,Тяжино-Вершинка,"Россия, Кемеровская область, Тяжинский район, Деревня Тяжино-Вершинка, ул. Ленина, д. 1 А","55.919468","88.593093",./0.png
"0",Кемеровская область,Тяжинский район,Село,Малопичугино,"Россия, Кемеровская область, Тяжинский район, Село Малопичугино, ул. Советская, д. 29-1","55.852475","88.876952",./0.png
"0",Кемеровская область,Тяжинский район,Село,Ступишино,"Россия, Кемеровская область, Тяжинский район, Село Ступишино, ул. Красноармейская, д. 17","56.211944","88.550998",./0.png
"0",Кемеровская область,Тяжинский район,Деревня,Георгиевка,"Россия, Кемеровская область, Тяжинский район, Деревня Георгиевка, ул. Центральная, д. 32","56.274872","88.621431",./0.png
"0",Кемеровская область,Тяжинский район,Село,Бороковка,"Россия, Кемеровская область, Тяжинский район, Село Бороковка, ул. Верхняя, д. 43","56.12975","88.768759",./0.png
"0",Кемеровская область,Ижморский район,Село,Ломачевка,"Россия, Кемеровская область, Ижморский район, Село Ломачевка, ул. Центральная, д. 6","56.136807","86.835314",./0.png
"0",Кемеровская область,Мысковский городской округ,Поселок,Чувашка,"Россия, Кемеровская область, Мысковский городской округ, Поселок Чувашка, ул. Алтын Шор, д. 6","53.597674","87.815242",./0.png
"0",Кемеровская область,Тяжинский район,Деревня,Новопреображенка,"Россия, Кемеровская область, Тяжинский район, Деревня Новопреображенка, ул. Молодежная, д. 1","55.881515","89.225033",./0.png
"0",Кемеровская область,Тяжинский район,Деревня,Акимо-Анненка,"Россия, Кемеровская область, Тяжинский район, Деревня Акимо-Анненка, ул. Центральная, д. 14 -1","56.080212","88.793385",./0.png
"0",Кемеровская область,Ижморский район,Село,Летяжка,"Россия, Кемеровская область, Ижморский район, Село Летяжка, ул. Молодежная, д. 21а","55.993702","87.184669",./0.png
"0",Кемеровская область,Ижморский район,Село,Ижморка 2-я,"Россия, Кемеровская область, Ижморский район, Село Ижморка 2-я, ул. Полевая, д. 32-2","56.162767","86.635652",./0.png
"0",Кемеровская область,Ижморский район,Село,Теплая Речка,"Россия, Кемеровская область, Ижморский район, Село Теплая Речка, ул. Строителей, д. 3","56.344947","86.65439",./0.png
"0",Кемеровская область,Ижморский район,Деревня,Красная Тайга,"Россия, Кемеровская область, Ижморский район, Деревня Красная Тайга, ул. Центральная, д. 11-1","55.901504","86.890499",./0.png
"0",Кемеровская область,Ижморский район,Село,Постниково,"Россия, Кемеровская область, Ижморский район, Село Постниково, ул. Ленинская, д. 96","56.240638","86.775595",./0.png
"0",Кемеровская область,Ижморский район,Село,Левашовка,"Россия, Кемеровская область, Ижморский район, Село Левашовка, ул. Северная, д. 25-2","56.53718","86.92087",./0.png
"0",Кемеровская область,Ижморский район,Деревня,Азаново,"Россия, Кемеровская область, Ижморский район, Деревня Азаново, ул. Колхозная, д. 24","56.11388","86.567753",./0.png
"0",Кемеровская область,Ижморский район,Поселок,Новый Свет,"Россия, Кемеровская область, Ижморский район, Поселок Новый Свет, ул. Ленинская, д. 10","55.824051","86.83456",./0.png
"0",Кемеровская область,Ижморский район,Село,Берикуль,"Россия, Кемеровская область, Ижморский район, Село Берикуль, ул. Ленина, д. 44","56.207619","87.06275",./0.png
"0",Кемеровская область,Ижморский район,Деревня,Нижегородка,"Россия, Кемеровская область, Ижморский район, Деревня Нижегородка, ул. Советская, д. 49 В","56.408114","86.607473",./0.png
"0",Кемеровская область,Ижморский район,Деревня,Старопокровка,"Россия, Кемеровская область, Ижморский район, Деревня Старопокровка, ул. Гагарина, д. 6","56.501455","86.407655",./0.png
"0",Кемеровская область,Ижморский район,Село,Островка,"Россия, Кемеровская область, Ижморский район, Село Островка, ул. Островского, д. 26-2","56.378349","86.949017",./0.png
"0",Кемеровская область,Кемеровский район,Деревня,Осиновка,"Россия, Кемеровская область, Кемеровский район, Деревня Осиновка, ул. Центральная, д. 1а","55.387795","86.303555",./0.png
"0",Кемеровская область,Кемеровский район,Поселок,Черемушки,"Россия, Кемеровская область, Кемеровский район, Поселок Черемушки, ул. Школьная, д. 21-1","55.611068","85.9157",./0.png
"0",Кемеровская область,Кемеровский район,Деревня,Упоровка,"Россия, Кемеровская область, Кемеровский район, Деревня Упоровка, ул. Школьная, д. 9","55.253207","86.399466",./0.png
"0",Кемеровская область,Кемеровский район,Деревня,Сухово,"Россия, Кемеровская область, Кемеровский район, Деревня Сухово, ул. Заречная, д. 2","55.359843","86.212266",./0.png
"0",Кемеровская область,Ленинск-Кузнецкий район,Поселок,Демьяновка,"Россия, Кемеровская область, Ленинск-Кузнецкий район, Поселок Демьяновка, ул. Космонавтов, д. 15","54.744565","86.236441",./0.png
"0",Кемеровская область,Ленинск-Кузнецкий район,Деревня,Красноярка,"Россия, Кемеровская область, Ленинск-Кузнецкий район, Деревня Красноярка, ул. Центральная, д. 20","54.645864","86.323913",./0.png
"0",Кемеровская область,Ленинск-Кузнецкий район,Поселок,Солнечный,"Россия, Кемеровская область, Ленинск-Кузнецкий район, Поселок Солнечный, ул. Апрельская, д. 3-2","54.641881","86.088145",./0.png
"0",Кемеровская область,Ленинск-Кузнецкий район,Село,Шабаново,"Россия, Кемеровская область, Ленинск-Кузнецкий район, Село Шабаново, ул. Мелиораторов, д. 9А","54.673408","85.60535",./0.png
"0",Кемеровская область,Ленинск-Кузнецкий район,Деревня,Трекино,"Россия, Кемеровская область, Ленинск-Кузнецкий район, Деревня Трекино, ул. Горка, д. 22-1","54.83238","86.065647",./0.png
"0",Кемеровская область,Ленинск-Кузнецкий район,Село,Худяшово,"Россия, Кемеровская область, Ленинск-Кузнецкий район, Село Худяшово, ул. Центральная, д. 55","54.817885","86.042575",./0.png
"0",Кемеровская область,Ленинск-Кузнецкий район,Поселок,Ивановка,"Россия, Кемеровская область, Ленинск-Кузнецкий район, Поселок Ивановка, ул. Лесная, д. 2","54.551987","85.951519",./0.png
"0",Кемеровская область,Ленинск-Кузнецкий район,Село,Камышино,"Россия, Кемеровская область, Ленинск-Кузнецкий район, Село Камышино, ул. Центральная, д. 51а","54.617811","85.794356",./0.png
"0",Кемеровская область,Ленинск-Кузнецкий район,Поселок,Орловский,"Россия, Кемеровская область, Ленинск-Кузнецкий район, Поселок Орловский, ул. Магистральная, д. 1а","54.793661","85.73865",./0.png
"0",Кемеровская область,Ленинск-Кузнецкий район,Поселок,Красная Поляна,"Россия, Кемеровская область, Ленинск-Кузнецкий район, Поселок Красная Поляна, пер. Энергетиков, д. 10-1","54.728766","86.201565",./0.png
"0",Кемеровская область,Ленинск-Кузнецкий район,Деревня,Соколовка,"Россия, Кемеровская область, Ленинск-Кузнецкий район, Деревня Соколовка, ул. Весенняя, д. 40","54.701834","85.818269",./0.png
"0",Кемеровская область,Ленинск-Кузнецкий район,Поселок,Кокуй,"Россия, Кемеровская область, Ленинск-Кузнецкий район, Поселок Кокуй, ул. Свободная, д. 21-1","54.577915","85.398828",./0.png
"0",Кемеровская область,Ленинск-Кузнецкий район,Деревня,Возвышенка,"Россия, Кемеровская область, Ленинск-Кузнецкий район, Деревня Возвышенка, ул. Октябрьская, д. 14","54.570382","85.86042",./0.png
"0",Кемеровская область,Ленинск-Кузнецкий район,Деревня,Торопово,"Россия, Кемеровская область, Ленинск-Кузнецкий район, Деревня Торопово, ул. Весенняя, д. 47","54.683164","85.699672",./0.png
"0",Кемеровская область,Ленинск-Кузнецкий район,Поселок,Новогородец,"Россия, Кемеровская область, Ленинск-Кузнецкий район, Поселок Новогородец, ул. Никитинская, д. 30","54.61084","86.039119",./0.png
"0",Кемеровская область,Ленинск-Кузнецкий район,Поселок,Родниковый,"Россия, Кемеровская область, Ленинск-Кузнецкий район, Поселок Родниковый, ул. Садовая, д. 17","54.400549","86.029926",./0.png
"0",Кемеровская область,Яшкинский район,Село,Красноселка,"Россия, Кемеровская область, Яшкинский район, Село Красноселка, ул. Мира, д. 4","55.867395","85.223406",./0.png
"0",Кемеровская область,Яшкинский район,Поселок,Дубровка,"Россия, Кемеровская область, Яшкинский район, Поселок Дубровка, ул. Мира, д. 21-2","55.922255","85.355792",./0.png
"0",Кемеровская область,Яшкинский район,Поселок,Яшкинский,"Россия, Кемеровская область, Яшкинский район, Поселок Яшкинский, ул. Чкалова, д. 3А","55.873706","85.400932",./0.png
"0",Кемеровская область,Яшкинский район,Село,Мохово,"Россия, Кемеровская область, Яшкинский район, Село Мохово, ул. Центральная, д. 12","55.837394","84.94924",./0.png
"0",Кемеровская область,Яшкинский район,Деревня,Зырянка,"Россия, Кемеровская область, Яшкинский район, Деревня Зырянка, ул. Центральная, д. 13","55.716711","85.233474",./0.png
"0",Кемеровская область,Яшкинский район,Деревня,Власково,"Россия, Кемеровская область, Яшкинский район, Деревня Власково, ул. Новая, д. 10","55.756454","85.411115",./0.png
"0",Кемеровская область,Яшкинский район,Поселок,Шахтер,"Россия, Кемеровская область, Яшкинский район, Поселок Шахтер, ул. Центральная, д. 20-2","55.808612","85.124051",./0.png
"0",Кемеровская область,Яшкинский район,Деревня,Корчуганово,"Россия, Кемеровская область, Яшкинский район, Деревня Корчуганово, ул. Клубная, д. 5","55.801056","85.264055",./0.png
"0",Кемеровская область,Гурьевский район,Поселок,Лесной,"Россия, Кемеровская область, Гурьевский район, Поселок Лесной, ул. Клубная, д. 17","54.236016","86.031727",./0.png
"0",Кемеровская область,Яшкинский район,Деревня,Морковкино,"Россия, Кемеровская область, Яшкинский район, Деревня Морковкино, ул. Молодежная, д. 3","55.707903","85.616867",./0.png
"0",Кемеровская область,Яшкинский район,Деревня,Саломатово,"Россия, Кемеровская область, Яшкинский район, Деревня Саломатово, пер. Школьный, д. 3","55.928658","85.018984",./0.png
"0",Кемеровская область,Яшкинский район,Деревня,Юрты-Константиновы,"Россия, Кемеровская область, Яшкинский район, Деревня Юрты-Константиновы, ул. Братьев Сидельниковых, д. 24-2","56.072348","84.960306",./0.png
"0",Кемеровская область,Беловский район,Село,Менчереп,"Россия, Кемеровская область, Беловский район, Село Менчереп, ул. Новая, д. 2б -1","54.42841","86.481081",./0.png
"0",Кемеровская область,Беловский район,Поселок,Заря,"Россия, Кемеровская область, Беловский район, Поселок Заря, ул. Шоссейная, д. 14а","54.533854","86.511838",./0.png
"0",Кемеровская область,Беловский район,Поселок при станции (поселок станции),Мереть,"Россия, Кемеровская область, Беловский район, Поселок при станции Мереть, ул. Меретская, д. 33-2","54.501195","86.313331",./0.png
"0",Кемеровская область,Беловский район,Деревня,Инюшка,"Россия, Кемеровская область, Беловский район, Деревня Инюшка, ул. Школьная, д. 16","54.603009","86.799475",./0.png
"0",Кемеровская область,Беловский район,Поселок,Дунай-Ключ,"Россия, Кемеровская область, Беловский район, Поселок Дунай-Ключ, ул. Новая, д. 11 пом.2","54.466454","86.707592",./0.png
"0",Кемеровская область,Беловский район,Село,Коновалово,"Россия, Кемеровская область, Беловский район, Село Коновалово, ул. Центральная, д. 18 пом.1","54.353984","86.659811",./0.png
"0",Кемеровская область,Беловский район,Деревня,Уроп,"Россия, Кемеровская область, Беловский район, Деревня Уроп, ул. Центральная, д. 23-3","54.517774","86.680938",./0.png
"0",Кемеровская область,Беловский район,Село,Сидоренково,"Россия, Кемеровская область, Беловский район, Село Сидоренково, ул. Молодежная, д. 31","54.377574","86.590416",./0.png
"0",Кемеровская область,Беловский район,Деревня,Каралда,"Россия, Кемеровская область, Беловский район, Деревня Каралда, ул. Мира, д. 39 А","54.387915","86.988898",./0.png
"0",Кемеровская область,Беловский район,Село,Поморцево,"Россия, Кемеровская область, Беловский район, Село Поморцево, ул. Центральная, д. 39","54.398167","86.52285",./0.png
"0",Кемеровская область,Беловский район,Деревня,Ивановка,"Россия, Кемеровская область, Беловский район, Деревня Ивановка, ул. Весенняя, д. 72","54.46914","86.247001",./0.png
"0",Кемеровская область,Беловский район,Деревня,Калиновка,"Россия, Кемеровская область, Беловский район, Деревня Калиновка, ул. Воронежская, д. 41 В","54.49395","86.205455",./0.png
"0",Кемеровская область,Топкинский район,Село,Лукошкино,"Россия, Кемеровская область, Топкинский район, Село Лукошкино, ул. Старая Лукошкинская, д. 13 помещение2","55.271047","85.191967",./0.png
"0",Кемеровская область,Беловский район,Деревня,Шестаки,"Россия, Кемеровская область, Беловский район, Деревня Шестаки, ул. З.Космодемьянской, д. 6","54.210291","86.251697",./0.png
"0",Кемеровская область,Беловский район,Поселок,им Ильича,"Россия, Кемеровская область, Беловский район, Поселок им Ильича, ул. Приозерная, д. 44-2","54.31021","86.386983",./0.png
"0",Кемеровская область,Беловский район,Поселок,Снежинский,"Россия, Кемеровская область, Беловский район, Поселок Снежинский, ул. Советская, д. 27","54.441763","86.37231",./0.png
"0",Кемеровская область,Топкинский район,Деревня,Медынино,"Россия, Кемеровская область, Топкинский район, Деревня Медынино, ул. Центральная, д. 40 помещение 2","55.553261","85.623032",./0.png
"0",Кемеровская область,Топкинский район,Деревня,Тыхта,"Россия, Кемеровская область, Топкинский район, Деревня Тыхта, ул. Молодежная, д. 2 помещение 2","55.126705","85.258057",./0.png
"0",Кемеровская область,Топкинский район,Село,Черемичкино,"Россия, Кемеровская область, Топкинский район, Село Черемичкино, ул. Центральная, д. 17а, помещение 2","55.157155","85.855537",./0.png
"0",Кемеровская область,Топкинский район,Поселок,Рассвет,"Россия, Кемеровская область, Топкинский район, Поселок Рассвет, ул. Ленина, д. 9а","55.356416","85.429307",./0.png
"0",Кемеровская область,Топкинский район,Село,Хорошеборка,"Россия, Кемеровская область, Топкинский район,  Село Хорошеборка, ул. Школьная, д. 8","55.519589","85.421241",./0.png
"0",Кемеровская область,Топкинский район,Поселок,Центральный,"Россия, Кемеровская область, Топкинский район, Поселок Центральный, ул. Советская, д. 22-4","55.244613","85.342519",./0.png
"0",Кемеровская область,Топкинский район,Село,Топки,"Россия, Кемеровская область, Топкинский район, Село Топки, ул. Микрорайон, д. 8а","55.336783","85.766066",./0.png
"0",Кемеровская область,Топкинский район,Поселок,Ключевой,"Россия, Кемеровская область, Топкинский район, Поселок Ключевой, ул. Новая, д. 13 пом. 2","55.324318","85.367846",./0.png
"0",Кемеровская область,Кемеровский район,Деревня,Камышная,"Россия, Кемеровская область, Кемеровский район, Деревня Камышная, ул. Центральная, д. 20-2","55.333564","85.853806",./0.png
"0",Кемеровская область,Кемеровский район,Деревня,Воскресенка,"Россия, Кемеровская область, Кемеровский район, Деревня Воскресенка, ул. Новая, д. 1-2","55.20828","86.499218",./0.png
"0",Кемеровская область,Топкинский район,Поселок,Романовский,"Россия, Кемеровская область, Топкинский район, Поселок Романовский, ул. Леонова, д. 1а","55.273216","85.001943",./0.png
"0",Кемеровская область,Топкинский район,Поселок,Комсомольский,"Россия, Кемеровская область, Топкинский район, Поселок Комсомольский, ул. Центральная, д. 32-2","55.376823","85.177772",./0.png
"0",Кемеровская область,Кемеровский район,Деревня,Сухая Речка,"Россия, Кемеровская область, Кемеровский район, Деревня Сухая Речка, ул. Школьная, д. 3, пом. 20","55.239983","86.121191",./0.png
"0",Кемеровская область,Кемеровский район,Поселок,Сосновка,"Россия, Кемеровская область, Кемеровский район, Поселок Сосновка, ул. Больничная, д. 17а","55.840032","86.009323",./0.png
"0",Кемеровская область,Кемеровский район,Село,Силино,"Россия, Кемеровская область, Кемеровский район, Село Силино, ул. Строительная, д. 9а","55.269322","86.300312",./0.png
"0",Кемеровская область,Кемеровский район,Деревня,Пещерка,"Россия, Кемеровская область, Кемеровский район, Деревня Пещерка, ул. Новая, д. 6а","55.621928","85.736998",./0.png
"0",Кемеровская область,Промышленновский район,Поселок,Соревнование,"Россия, Кемеровская область, Промышленновский район, Поселок Соревнование, ул. Береговая, д. 1","54.936476","85.850042",./0.png
"0",Кемеровская область,Промышленновский район,Деревня,Прогресс,"Россия, Кемеровская область, Промышленновский район, Деревня Прогресс, ул. Центральная, д. 29-2","55.057886","85.901864",./0.png
"0",Кемеровская область,Промышленновский район,Деревня,Пьяново,"Россия, Кемеровская область, Промышленновский район, Деревня Пьяново, ул. Коммунистическая, д. 115","54.756827","85.347439",./0.png
"0",Кемеровская область,Промышленновский район,Деревня,Портнягино,"Россия, Кемеровская область, Промышленновский район, Деревня Портнягино, ул. Школьная, д. 15","54.9303","85.308538",./0.png
"0",Кемеровская область,Чебулинский район,Село,Усманка,"Россия, Кемеровская область, Чебулинский район, Село Усманка, ул. Юбилейная, д. 31","56.12404","87.764358",./0.png
"0",Кемеровская область,Промышленновский район,Поселок,Цветущий,"Россия, Кемеровская область, Промышленновский район, Поселок Цветущий, ул. Центральная, д. 30","55.953284","87.413311",./0.png
"0",Кемеровская область,Промышленновский район,Деревня,Усть-Каменка,"Россия, Кемеровская область, Промышленновский район, Деревня Усть-Каменка, ул. Центральная, д. 19","54.897433","85.989757",./0.png
"0",Кемеровская область,Промышленновский район,Деревня,Ушаково,"Россия, Кемеровская область, Промышленновский район, Деревня Ушаково, ул. Лесная, д. 10","55.001979","85.188137",./0.png
"0",Кемеровская область,Чебулинский район,Деревня,Шестаково,"Россия, Кемеровская область, Чебулинский район, Деревня Шестаково, ул. Школьная, д. 13","55.894694","87.962288",./0.png
"0",Кемеровская область,Чебулинский район,Деревня,Новоказанка,"Россия, Кемеровская область, Чебулинский район, Деревня Новоказанка, ул. Молодежная, д. 8 - 2","56.105382","87.592367",./0.png
"0",Кемеровская область,Чебулинский район,Деревня,Дмитриевка,"Россия, Кемеровская область, Чебулинский район, Деревня Дмитриевка, ул. Новая, д. 1а","56.02998","87.90155",./0.png
"0",Кемеровская область,Чебулинский район,Село,Усть-Чебула,"Россия, Кемеровская область, Чебулинский район, Село Усть-Чебула, ул. Школьная, д. 5 - 6","56.029899","87.901534",./0.png
"0",Кемеровская область,Юргинский район,Село,Варюхино,"Россия, Кемеровская область, Юргинский район, Село Варюхино, ул. Угловая, д. 12 помещение 1","56.104505","84.893848",./0.png
"0",Кемеровская область,Чебулинский район,Село,Николаевка,"Россия, Кемеровская область, Чебулинский район, Село Николаевка, ул. Осипова, д. 3","55.88187","87.264523",./0.png
"0",Кемеровская область,Чебулинский район,Поселок,1-й,"Россия, Кемеровская область, Чебулинский район, Поселок 1-й, ул. Северная, д. 20","56.0233","87.8156",./0.png
"0",Кемеровская область,Чебулинский район,Деревня,Покровка,"Россия, Кемеровская область, Чебулинский район, Деревня Покровка, ул. Трактовая, д. 64","55.959506","87.681156",./0.png
"0",Кемеровская область,Юргинский район,Село,Верх-Тайменка,"Россия, Кемеровская область, Юргинский район, Село Верх-Тайменка, ул. Горская, д. 12 помещение 1","55.648989","85.219308",./0.png
"0",Кемеровская область,Юргинский район,Деревня,Зимник,"Россия, Кемеровская область, Юргинский район, Деревня Зимник, ул. Школьная, д. 5","55.665552","84.924153",./0.png
"0",Кемеровская область,Юргинский район,Деревня,Алабучинка,"Россия, Кемеровская область, Юргинский район, Деревня Алабучинка, ул. Центральная, д. 20 помещение 1","55.95138","84.662018",./0.png
"0",Кемеровская область,Юргинский район,Село,Большеямное,"Россия, Кемеровская область, Юргинский район, Село Большеямное, ул. Школьная, д. 1 помещение 1","55.581525","85.488408",./0.png
"0",Кемеровская область,Юргинский район,Деревня,Пятково,"Россия, Кемеровская область, Юргинский район, Деревня Пятково, ул. Центральная, д. 13","55.856743","84.946237",./0.png
"0",Кемеровская область,Юргинский район,Село,Мальцево,"Россия, Кемеровская область, Юргинский район, Село Мальцево, ул. Советская, д. 14 помещение 2","55.955335","84.828812",./0.png
"0",Кемеровская область,Юргинский район,Деревня,Макурино,"Россия, Кемеровская область, Юргинский район, Деревня Макурино, ул. Центральная, д. 27 кв.2","56.036171","84.666289",./0.png
"0",Кемеровская область,Юргинский район,Деревня,Лебяжье-Асаново,"Россия, Кемеровская область, Юргинский район, Деревня Лебяжье-Асаново, ул. Молодежная, д. 12","55.741822","84.646937",./0.png
"0",Кемеровская область,Междуреченский городской округ,Поселок,Теба,"Россия, Кемеровская область, Междуреченский городской округ, Поселок Теба, ул. Притомская, д. 16","53.643039","88.558661",./0.png
"0",Кемеровская область,Юргинский район,Деревня,Томилово,"Россия, Кемеровская область, Юргинский район, Деревня Томилово, ул. Школьная, д. 3","55.990927","84.885758",./0.png
"0",Кемеровская область,Юргинский район,Поселок,Юргинский,"Россия, Кемеровская область, Юргинский район, Поселок Юргинский, ул. Центральная, д. 16","55.690805","84.634636",./0.png
"0",Кемеровская область,Юргинский район,Поселок,Речной,"Россия, Кемеровская область, Юргинский район, Поселок Речной, ул. Новая, д. 10б помещение 4","55.690602","85.103244",./0.png
"0",Кемеровская область,Беловский район,Деревня,Новороссийка,"Россия, Кемеровская область, Беловский район, Деревня Новороссийка, ул. Первомайская, д. 49","54.445739","86.176472",./0.png
"0",Кемеровская область,Киселёвский городской округ,Село,Верх-Чумыш,"Россия, Кемеровская область, Киселёвский городской округ, Село Верх-Чумыш, ул. Центральная, д. 1","53.96504","86.472028",./0.png
"0",Кемеровская область,Междуреченский городской округ,Поселок,Майзас,"Россия, Кемеровская область, Междуреченский городской округ, Поселок Майзас, ул. Майзасская, д. 36а","53.621226","88.21084",./0.png
"0",Кемеровская область,Междуреченский городской округ,Поселок,Ортон,"Россия, Кемеровская область, Междуреченский городской округ, Поселок Ортон, пер. Светлый, д. 6","53.204634","88.621107",./0.png
"0",Кемеровская область,Мариинский район,Село,Белогородка,"Россия, Кемеровская область, Мариинский район, Село Белогородка, ул. 30 лет победы, д. 7","56.29012","87.172623",./0.png
"0",Кемеровская область,Мариинский район,Деревня,Знаменка,"Россия, Кемеровская область, Мариинский район, Деревня  Знаменка, ул. Центральная, д. 55","56.055615","88.228729",./0.png
"0",Кемеровская область,Мариинский район,Село,Рубино,"Россия, Кемеровская область, Мариинский район, Село Рубино, ул. Школьная, д. 24","56.357765","88.173665",./0.png
"0",Кемеровская область,Мариинский район,Село,Колеул,"Россия, Кемеровская область, Мариинский район, Село Колеул, ул. Ленина, д. 1","56.516174","87.335698",./0.png
"0",Кемеровская область,Мариинский район,Село,Большой Антибес,"Россия, Кемеровская область, Мариинский район, Село Большой Антибес, ул. Ленина, д. 68","56.302173","87.755452",./0.png
"0",Кемеровская область,Мариинский район,Деревня,Пристань 2-я,"Россия, Кемеровская область, Мариинский район,  Деревня Пристань 2-я, ул. Магистральная, д. 103","56.206449","87.814972",./0.png
"0",Кемеровская область,Мариинский район,Деревня,Тюменево,"Россия, Кемеровская область, Мариинский район,  Деревня Тюменево, ул. Радищева, д. 51","56.240386","87.256794",./0.png
"0",Кемеровская область,Мариинский район,Поселок,Пихтовка,"Россия, Кемеровская область, Мариинский район,  Поселок Пихтовка, ул. Крутая, д. 23","56.652403","88.079254",./0.png
"0",Кемеровская область,Крапивинский район,Поселок,Зеленовский,"Россия, Кемеровская область, Крапивинский район, Поселок Зеленовский, ул. Советская, д. 23","54.932596","86.830931",./0.png
"0",Кемеровская область,Крапивинский район,Село,Банново,"Россия, Кемеровская область, Крапивинский район, Село Банново, ул. Центральная, д. 10а","55.004298","86.390868",./0.png
"0",Кемеровская область,Мариинский район,Деревня,Кирсановка,"Россия, Кемеровская область, Мариинский район, Деревня  Кирсановка, ул. Победы, д. 11","56.500576","87.062841",./0.png
"0",Кемеровская область,Мариинский район,Деревня,Куркули,"Россия, Кемеровская область, Мариинский район,  Деревня Куркули, ул. Рабочая, д. 20","56.410345","88.051355",./0.png
"0",Кемеровская область,Таштагольский район,Поселок,Чулеш,"Россия, Кемеровская область, Таштагольский район, Поселок Чулеш, ул. Кузнечная, д. 7А","53.012721","87.541058",./0.png
"0",Кемеровская область,Крапивинский район,Поселок,Плотниковский,"Россия, Кемеровская область, Крапивинский район, Поселок Плотниковский, ул. Совхозная, д. 2-1","52.544013","88.044896",./0.png
"0",Кемеровская область,Крапивинский район,Деревня,Ключи,"Россия, Кемеровская область, Крапивинский район, Деревня Ключи, ул. Новая, д. 18","55.014356","86.481928",./0.png
"0",Кемеровская область,Крапивинский район,Село,Междугорное,"Россия, Кемеровская область, Крапивинский район, Село Междугорное, ул. 60 лет Октября, д. 3","54.776804","86.845951",./0.png
"0",Кемеровская область,Промышленновский район,Деревня,Байрак,"Россия, Кемеровская область, Промышленновский район, Деревня Байрак, ул. Центральная, д. 31а, корпус 2","54.955133","85.004198",./0.png
"0",Кемеровская область,Таштагольский район,Поселок,Килинск,"Россия, Кемеровская область, Таштагольский район, Поселок Килинск, ул. Старателей, д. 48","54.866404","85.867784",./0.png
"0",Кемеровская область,Таштагольский район,Поселок,Мрассу,"Россия, Кемеровская область, Таштагольский район, Поселок Мрассу, ул. Набережная, д. 43","52.522095","87.798821",./0.png
"0",Кемеровская область,Таштагольский район,Поселок,Амзас,"Россия, Кемеровская область, Таштагольский район, Поселок Амзас, ул. Центральная, д. 1-11","52.294788","88.516817",./0.png
"0",Кемеровская область,Промышленновский район,Деревня,Калтышино,"Россия, Кемеровская область, Промышленновский район, Деревня Калтышино, ул. Центральная, д. 24б","54.923109","85.76826",./0.png
"0",Кемеровская область,Промышленновский район,Село,Журавлево,"Россия, Кемеровская область, Промышленновский район, Село Журавлево, ул. Центральная, д. 47б","54.83194","85.117547",./0.png
"0",Кемеровская область,Промышленновский район,Деревня,Еремино,"Россия, Кемеровская область, Промышленновский район, Деревня Еремино, ул. Зеленая, д. 1а-1","54.783872","85.061366",./0.png
"0",Кемеровская область,Промышленновский район,Деревня,Денисовка,"Россия, Кемеровская область, Промышленновский район, Деревня Денисовка, ул. Центральная, д. 29А","54.900643","85.712807",./0.png
"0",Кемеровская область,Промышленновский район,Деревня,Озерки,"Россия, Кемеровская область, Промышленновский район, Деревня Озерки, ул. Центральная, д. 59/2","54.699841","85.464207",./0.png
"0",Кемеровская область,Промышленновский район,Село,Окунево,"Россия, Кемеровская область, Промышленновский район, Село Окунево, ул. Центральная, д. 70","54.990695","84.90205",./0.png
"0",Кемеровская область,Промышленновский район,Деревня,Колычево,"Россия, Кемеровская область, Промышленновский район, Деревня Колычево, ул. Весенняя, д. 14","54.954847","85.427757",./0.png
"0",Кемеровская область,Промышленновский район,Деревня,Калинкино,"Россия, Кемеровская область, Промышленновский район, Деревня Калинкино, ул. Набережная, д. 6а","55.01385","86.101273",./0.png
"0",Кемеровская область,Промышленновский район,Поселок,Первомайский,"Россия, Кемеровская область, Промышленновский район, Поселок Первомайский, ул. Зеленая, д. 2-2","54.962745","85.702649",./0.png
"0",Кемеровская область,Промышленновский район,Деревня,Уфимцево,"Россия, Кемеровская область, Промышленновский район, Деревня Уфимцево, пер. Школьный, д. 1","54.981841","85.916949",./0.png
"0",Кемеровская область,Промышленновский район,Деревня,Пушкино,"Россия, Кемеровская область, Промышленновский район, Деревня Пушкино, ул. Лесная, д. 8","54.986845","85.626963",./0.png
"0",Кемеровская область,Промышленновский район,Деревня,Пархаевка,"Россия, Кемеровская область, Промышленновский район, Деревня Пархаевка, ул. Школьная, д. 7","54.776757","85.502116",./0.png
"0",Кемеровская область,Яйский район,Село,Бекет,"Россия, Кемеровская область, Яйский район, Село Бекет, ул. Центральная, д. 6","56.36107","86.477192",./0.png
"0",Кемеровская область,Яйский район,Село,Новониколаевка,"Россия, Кемеровская область, Яйский район, Село Новониколаевка, ул. Школьная, д. 34","56.167745","86.467342",./0.png
"0",Кемеровская область,Яйский район,Поселок при станции (поселок станции),Судженка,"Россия, Кемеровская область, Яйский район, п/ст Судженка, ул. Механическая, д. 8-2","56.112882","86.16241",./0.png
"0",Кемеровская область,Яйский район,Поселок,Безлесный,"Россия, Кемеровская область, Яйский район, Поселок Безлесный, ул. Советская, д. 6","56.140303","86.109501",./0.png
"0",Кемеровская область,Тисульский район,Деревня,Дворниково,"Россия, Кемеровская область, Тисульский район, Деревня Дворниково, ул. Центральная, д. 25","55.799077","88.406117",./0.png
"0",Кемеровская область,Тисульский район,Поселок,Макаракский,"Россия, Кемеровская область, Тисульский район, Поселок Макаракский, ул. Советская, д. 8","55.59718","88.046926",./0.png
"0",Кемеровская область,Тисульский район,Деревня,Усть-Барандат,"Россия, Кемеровская область, Тисульский район, Деревня Усть-Барандат, ул. Центральная, д. 58","55.821942","88.692785",./0.png
"0",Кемеровская область,Тисульский район,Село,Куликовка,"Россия, Кемеровская область, Тисульский район, Село Куликовка, ул. Советская, д. 62б","55.795833","88.129706",./0.png
"0",Кемеровская область,Тисульский район,Деревня,Вознесенка,"Россия, Кемеровская область, Тисульский район, Деревня Вознесенка, ул. Молодежная, д. 44","55.775312","88.72855",./0.png
"0",Кемеровская область,Тисульский район,Село,Колба,"Россия, Кемеровская область, Тисульский район, Село Колба, ул. Школьная, д. 4","55.828394","88.207123",./0.png
"0",Кемеровская область,Тисульский район,Поселок,Ржавчик,"Россия, Кемеровская область, Тисульский район, Поселок Ржавчик, ул. Береговая, д. 26-2","55.692003","88.274147",./0.png
"0",Кемеровская область,Тисульский район,Деревня,Большепичугино,"Россия, Кемеровская область, Тисульский район, Деревня Большепичугино, ул. Клубная, д. 5","55.658291","88.887327",./0.png
"0",Кемеровская область,Прокопьевский район,Село,Кутоново,"Россия, Кемеровская область, Прокопьевский район, Село Кутоново, ул. Водопроводная, д. 33","54.091514","86.684658",./0.png
"0",Кемеровская область,Тисульский район,Деревня,Кондрашка,"Россия, Кемеровская область, Тисульский район, Деревня Кондрашка, ул. Матросова, д. 5-2","55.725135","88.404842",./0.png
"0",Кемеровская область,Тисульский район,Деревня,Листвянка,"Россия, Кемеровская область, Тисульский район, Деревня Листвянка, ул. Советская, д. 21","55.925091","88.199623",./0.png
"0",Кемеровская область,Тисульский район,Деревня,Кайчак,"Россия, Кемеровская область, Тисульский район, Деревня Кайчак, ул. Мира, д. 1","55.732999","88.559786",./0.png
"0",Кемеровская область,Прокопьевский район,Поселок,Большой Керлегеш,"Россия, Кемеровская область, Прокопьевский район, Поселок Большой Керлегеш, ул. Центральная, д. 36","53.895933","86.493586",./0.png
"0",Кемеровская область,Прокопьевский район,Деревня,Антоновка,"Россия, Кемеровская область, Прокопьевский район, Деревня Антоновка, ул. Цнтральная, д. 10","54.251553","86.679969",./0.png
"0",Кемеровская область,Прокопьевский район,Поселок,Пушкино,"Россия, Кемеровская область, Прокопьевский район, Поселок Пушкино, ул. Центральная, д. 11","54.191479","86.793327",./0.png
"0",Кемеровская область,Прокопьевский район,Село,Инченково,"Россия, Кемеровская область, Прокопьевский район, Село Инченково, ул. Школьная, д. 10","54.060398","86.380363",./0.png
"0",Кемеровская область,Прокопьевский район,Поселок,Маяковка,"Россия, Кемеровская область, Прокопьевский район, Поселок Маяковка, ул. Центральная, д. 5","54.0074","86.770133",./0.png
"0",Кемеровская область,Прокопьевский район,Село,Карагайла,"Россия, Кемеровская область, Прокопьевский район, Село Карагайла, ул. Ленина, д. 12","54.170017","86.555651",./0.png
"0",Кемеровская область,Прокопьевский район,Поселок,Центральный,"Россия, Кемеровская область, Прокопьевский район, Поселок Центральный, ул. Заречная, д. 7","53.95163","86.522197",./0.png
"0",Кемеровская область,Прокопьевский район,Деревня,Каменный Ключ,"Россия, Кемеровская область, Прокопьевский район, Деревня Каменный Ключ, ул. Центральная, д. 25","54.093821","86.09866",./0.png
"0",Кемеровская область,Прокопьевский район,Поселок,Школьный,"Россия, Кемеровская область, Прокопьевский район, Поселок Школьный, ул. Советская, д. 7","54.001888","86.821237",./0.png
"0",Кемеровская область,Прокопьевский район,Поселок,Кольчегиз,"Россия, Кемеровская область, Прокопьевский район, Поселок Кольчегиз, ул. Школьная, д. 13","54.122711","86.86495",./0.png
"0",Кемеровская область,Прокопьевский район,Поселок,Октябрь,"Россия, Кемеровская область, Прокопьевский район, Поселок Октябрь, пер. Кузнечный, д. 6","54.173216","86.94517",./0.png
"0",Кемеровская область,Прокопьевский район,Село,Соколово,"Россия, Кемеровская область, Прокопьевский район, Село Соколово, ул. Молодежная, д. 1","54.193222","86.892672",./0.png
"0",Кемеровская область,Мариинский район,Поселок,Первомайский,"Россия, Кемеровская область, Мариинский район, Поселок Первомайский, ул. Юбилейная, д. 11","56.176059","88.015712",./0.png
"0",Кемеровская область,Мариинский район,Село,Малый Антибес,"Россия, Кемеровская область, Мариинский район, Село Малый Антибес, ул. Просвещения, д. 1","56.284187","87.703185",./0.png
"0",Кемеровская область,Мариинский район,поселок,Правдинка,"Россия, Кемеровская область, Мариинский район,  Поселок Правдинка, ул. Правдинская, д. 53","56.330669","87.176987",./0.png
"0",Кемеровская область,Мариинский район,Село,Таежно-Михайловка,"Россия, Кемеровская область, Мариинский район, Село Таежно-Михайловка, пер. Школьный, д. 8","56.531988","87.470921",./0.png
"0",Кемеровская область,Новокузнецкий район,Поселок,Тайлеп,"Россия, Кемеровская область, Новокузнецкий район, Поселок Тайлеп, ул. Центральная, д. 7-2","53.445622","87.203743",./0.png
"0",Кемеровская область,Новокузнецкий район,Поселок,Ерунаково,"Россия, Кемеровская область, Новокузнецкий район, Поселок Ерунаково, ул. Вокзальная, д. 11","53.999204","87.188108",./0.png
"0",Кемеровская область,Анжеро-Судженский городской округ,Село,Лебедянка,"Россия, Кемеровская область, Анжеро-Судженский городской округ, Село Лебедянка, ул. Нижняя Каменка, д. 18-2","56.13635","85.954566",./0.png
"0",Кемеровская область,Ижморский район,Село,Тунда,"Россия, Кемеровская область, Ижморский район, Село Тунда, ул. Ленина, д. 15","56.019306","87.065875",./0.png
"0",Кемеровская область,Новокузнецкий район,Село,Красная Орловка,"Россия, Кемеровская область, Новокузнецкий район, Село Красная Орловка, ул. 60 лет Октября, д. 1б-1","53.588308","87.324236",./0.png
"0",Кемеровская область,Новокузнецкий район,Поселок,Недорезово,"Россия, Кемеровская область, Новокузнецкий район, Поселок Недорезово, ул. Центральная, д. 11","54.005321","87.120628",./0.png
"0",Кемеровская область,Новокузнецкий район,Деревня,Митино,"Россия, Кемеровская область, Новокузнецкий район, Деревня Митино, ул. Нагорная, д. 8-2","53.824078","87.108699",./0.png
"0",Кемеровская область,Новокузнецкий район,Поселок,Мир,"Россия, Кемеровская область, Новокузнецкий район, Поселок Мир, ул. Куйбышева, д. 6-1","53.738212","87.012409",./0.png
"0",Кемеровская область,Новокузнецкий район,Поселок,Казанково,"Россия, Кемеровская область, Новокузнецкий район, Поселок Казанково, ул. Юбилейная, д. 15","53.996442","87.270267",./0.png
"0",Кемеровская область,Новокузнецкий район,Поселок,Степной,"Россия, Кемеровская область, Новокузнецкий район, Поселок Степной, ул. Мира, д. 1А","53.95461","87.118616",./0.png
"0",Кемеровская область,Новокузнецкий район,Село,Сары-Чумыш,"Россия, Кемеровская область, Новокузнецкий район, Село Сары-Чумыш, ул. Набережная, д. 21","53.243711","86.723011",./0.png
"0",Кемеровская область,Новокузнецкий район,Поселок,Апанас,"Россия, Кемеровская область, Новокузнецкий район, Поселок Апанас, ул. Шабалова, д. 18б","53.53128","86.835638",./0.png
"0",Кемеровская область,Новокузнецкий район,Село,Сидорово,"Россия, Кемеровская область, Новокузнецкий район, Село Сидорово, ул. Совхозная, д. 34","53.960952","87.343029",./0.png
"0",Кемеровская область,Новокузнецкий район,Поселок,Заречный,"Россия, Кемеровская область, Новокузнецкий район, Поселок Заречный, ул. 60 лет ВЛКСМ, д. 8-1","53.598428","87.304541",./0.png
"0",Кемеровская область,Новокузнецкий район,Село,Куртуково,"Россия, Кемеровская область, Новокузнецкий район, Село Куртуково, ул. Полосухина, д. 7","53.637712","87.206364",./0.png
"0",Кемеровская область,Новокузнецкий район,Поселок,Елань,"Россия, Кемеровская область, Новокузнецкий район, Поселок Елань, ул. Октябрьская, д. 15","53.708553","87.269959",./0.png
"0",Кемеровская область,Новокузнецкий район,Село,Березово,"Россия, Кемеровская область, Новокузнецкий район, Село Березово, ул. Школьная, д. 9а","53.702427","86.790596",./0.png
"0",Кемеровская область,Новокузнецкий район,Село,Анисимово,"Россия, Кемеровская область, Новокузнецкий район, Село Анисимово, ул. Центральная, д. 28","54.049023","87.064779",./0.png
"0",Кемеровская область,Новокузнецкий район,Село,Боровково,"Россия, Кемеровская область, Новокузнецкий район, Село Боровково, ул. Трудовая, д. 2-1","53.791545","87.491336",./0.png
"0",Кемеровская область,Новокузнецкий район,Село,Ячменюха,"Россия, Кемеровская область, Новокузнецкий район, Село Ячменюха, ул. Центральная, д. 8","54.494612","87.522625",./0.png
"0",Кемеровская область,Новокузнецкий район,Село,Бедарево,"Россия, Кемеровская область, Новокузнецкий район, Село Бедарево, ул. Центральная, д. 12-1","53.855574","87.12335",./0.png
"0",Кемеровская область,Новокузнецкий район,Село,Ашмарино,"Россия, Кемеровская область, Новокузнецкий район, Село Ашмарино, ул. Советская, д. 22-2","53.631086","87.270701",./0.png
"0",Кемеровская область,Новокузнецкий район,Поселок,Гавриловка (Куртуковский с/с),"Россия, Кемеровская область, Новокузнецкий район, Поселок Гавриловка (Куртуковский с/с), ул. Молодежная, д. 11-1","53.618841","87.116649",./0.png
"0",Кемеровская область,Новокузнецкий район,Поселок,Загорский,"Россия, Кемеровская область, Новокузнецкий район, Поселок Загорский, ул. Садовая, д. 9","53.760079","87.008601",./0.png
"0",Кемеровская область,Яйский район,Поселок,Майский,"Россия, Кемеровская область, Яйский район, Поселок Майский, ул. Героев Социалистического труда, д. 32","56.176477","86.161256",./0.png
"0",Кемеровская область,Новокузнецкий район,Поселок,Северный,"Россия, Кемеровская область, Новокузнецкий район, Поселок Северный, ул. Луговая, д. 201","53.939518","87.012112",./0.png
"0",Кемеровская область,Новокузнецкий район,Поселок,Николаевка,"Россия, Кемеровская область, Новокузнецкий район, Поселок Николаевка, ул. Центральная, д. 27-2","53.478071","87.169621",./0.png
"0",Кемеровская область,Новокузнецкий район,Поселок,Кандалеп,"Россия, Кемеровская область, Новокузнецкий район, Поселок Кандалеп, ул. Школьная, д. 15","53.274327","86.923142",./0.png
"0",Кемеровская область,Яйский район,Деревня,Ольговка,"Россия, Кемеровская область, Яйский район, Деревня Ольговка, ул. Мира, д. 11","56.22777","86.367858",./0.png
"0",Кемеровская область,Яйский район,Поселок городского типа,Яя,"Россия, Кемеровская область, Яйский район, Поселок городского типа Яя, пер. Логовой, д. 20","56.193056","86.452417",./0.png
"0",Кемеровская область,Яйский район,Деревня,Сергеевка,"Россия, Кемеровская область, Яйский район, Деревня Сергеевка, ул. Сибирская, д. 27","56.38146","86.357781",./0.png
"0",Кемеровская область,Яйский район,Деревня,Данковка,"Россия, Кемеровская область, Яйский район, Деревня Данковка, ул. Советская, д. 57-1","56.302293","86.108284",./0.png
"0",Кемеровская область,Ленинск-Кузнецкий район,Деревня,Новопокасьма,"Россия, Кемеровская область, Ленинск-Кузнецкий район, Деревня Новопокасьма, ул. Туснолобовой-Марченко, д. 1","54.70569","85.894717",./0.png
"0",Кемеровская область,Ленинск-Кузнецкий район,Поселок,Мирный,"Россия, Кемеровская область, Ленинск-Кузнецкий район, Поселок Мирный, ул. Школьная, д. 23","54.613522","85.928445",./0.png
"0",Кемеровская область,Ленинск-Кузнецкий район,Поселок,Клейзавода,"Россия, Кемеровская область, Ленинск-Кузнецкий район, Поселок Клейзавода, ул. Заводская, д. 11","54.691283","86.078158",./0.png
"0",Кемеровская область,Ленинск-Кузнецкий район,Поселок,Свердловский,"Россия, Кемеровская область, Ленинск-Кузнецкий район, Поселок Свердловский, ул. Школьная, д. 5-2","54.584624","86.143443",./0.png
"0",Кемеровская область,Яшкинский район,Деревня,Ботьево,"Россия, Кемеровская область, Яшкинский район, Деревня Ботьево, ул. Победы, д. 19","55.936588","85.228279",./0.png
"0",Кемеровская область,Яшкинский район,Поселок городского типа,Яшкино,"Россия, Кемеровская область, Яшкинский район, Поселок городского типа Яшкино, ул. Солнечная, д. 2","55.828843","85.468323",./0.png
"0",Кемеровская область,Ленинск-Кузнецкий район,Поселок,Восходящий,"Россия, Кемеровская область, Ленинск-Кузнецкий район, Поселок Восходящий, пер. Школьный, д. 5а","54.684424","86.072228",./0.png
"0",Кемеровская область,Ленинск-Кузнецкий район,Поселок,Новый,"Россия, Кемеровская область, Ленинск-Кузнецкий район, Поселок Новый, ул. им Булдыгина А.Т., д. 9","54.840399","86.228558",./0.png
"0",Кемеровская область,Яшкинский район,Деревня,Северная,"Россия, Кемеровская область, Яшкинский район, Деревня Северная, ул. Верхняя, д. 2а","56.045425","85.323056",./0.png
"0",Кемеровская область,Яшкинский район,Деревня,Кулаково,"Россия, Кемеровская область, Яшкинский район, Деревня Кулаково, ул. Береговая, д. 19","55.889745","85.021693",./0.png
"0",Кемеровская область,Яшкинский район,Село,Нижнеяшкино,"Россия, Кемеровская область, Яшкинский район, Село Нижнеяшкино, ул. Центральная, д. 6","55.826259","85.483293",./0.png
"0",Кемеровская область,Яшкинский район,Деревня,Балахнино,"Россия, Кемеровская область, Яшкинский район, Деревня Балахнино, ул. Центральная, д. 22а","55.906017","85.226143",./0.png
"0",Кемеровская область,Гурьевский район,Село,Ур-Бедари,"Россия, Кемеровская область, Гурьевский район, Село Ур-Бедари, ул. Проездная, д. 4","54.439092","85.93807",./0.png
"0",Кемеровская область,Гурьевский район,Деревня,Чуваш-Пай,"Россия, Кемеровская область, Гурьевский район, Деревня Чуваш-Пай, ул. Полевая, д. 1а","54.328056","85.706711",./0.png
"0",Кемеровская область,Гурьевский район,Поселок,Апрелька,"Россия, Кемеровская область, Гурьевский район, Поселок Апрелька, ул. Школьная, д. 28","54.524331","85.33174",./0.png
"0",Кемеровская область,Яшкинский район,Поселок,Октябрьский,"Россия, Кемеровская область, Яшкинский район, Поселок Октябрьский, ул. Центральная, д. 13","55.778186","85.111163",./0.png
"0",Кемеровская область,Тяжинский район,Деревня,Теплая Речка,"Россия, Кемеровская область, Тяжинский район, Деревня Теплая Речка, ул. Горская, д. 5","56.298206","88.420536",./0.png
"0",Кемеровская область,Тяжинский район,Поселок,Валерьяновка,"Россия, Кемеровская область, Тяжинский район, Поселок Валерьяновка, ул. Средняя, д. 36Б","56.010335","88.389403",./0.png
"0",Кемеровская область,Тяжинский район,Поселок,Заря,"Россия, Кемеровская область, Тяжинский район, Поселок Заря, ул. Красноармейская, д. 12","56.041391","88.320254",./0.png
"0",Кемеровская область,Тяжинский район,Село,Большая Покровка,"Россия, Кемеровская область, Тяжинский район, Село Большая Покровка, ул. Некрасова, д. 12","55.906306","88.78457",./0.png
"0",Кемеровская область,Тяжинский район,Деревня,Новомарьинка,"Россия, Кемеровская область, Тяжинский район, Деревня Новомарьинка, ул. Новая, д. 11","56.086321","89.010922",./0.png
"0",Кемеровская область,Тяжинский район,Село,Новопокровка,"Россия, Кемеровская область, Тяжинский район, Село Новопокровка, ул. Центральная, д. 45","55.954215","88.94825",./0.png
"0",Кемеровская область,Тяжинский район,Поселок,Нововосточный,"Россия, Кемеровская область, Тяжинский район, Поселок Нововосточный, ул. Мира, д. 11","56.155565","88.54236",./0.png
"0",Кемеровская область,Тяжинский район,Деревня,Старый Урюп,"Россия, Кемеровская область, Тяжинский район, Деревня Старый Урюп, ул. Советская, д. 24","55.835601","89.335989",./0.png
"0",Кемеровская область,Тяжинский район,Деревня,Почаевка,"Россия, Кемеровская область, Тяжинский район, Деревня Почаевка, ул. Почаевская, д. 21-1","56.13627","88.419958",./0.png
"0",Кемеровская область,Тяжинский район,Село,Прокопьево,"Россия, Кемеровская область, Тяжинский район, Село Прокопьево, ул. Курская, д. 22","56.365789","88.344511",./0.png
"0",Кемеровская область,Тяжинский район,Село,Борисоглебское,"Россия, Кемеровская область, Тяжинский район, Село Борисоглебское, ул. Центральная, д. 22","56.195723","88.634014",./0.png
"0",Кемеровская область,Тяжинский район,Село,Сандайка,"Россия, Кемеровская область, Тяжинский район, Село Сандайка, ул. Береговая, д. 29","56.335943","88.460888",./0.png
"0",Кемеровская область,Ижморский район,Село,Почитанка,"Россия, Кемеровская область, Ижморский район, Село Почитанка, ул. Ленинская, д. 79-1","56.284024","86.698332",./0.png
"0",Кемеровская область,Ижморский район,Село,Воскресенка,"Россия, Кемеровская область, Ижморский район, Село Воскресенка, ул. Школьная, д. 26","56.136352","86.944818",./0.png
"0",Кемеровская область,Ижморский район,Село,Иверка,"Россия, Кемеровская область, Ижморский район, Село Иверка, ул. Трактовая, д. 9-2","55.94448","86.830985",./0.png
"0",Кемеровская область,Тяжинский район,Деревня,Макарово,"Россия, Кемеровская область, Тяжинский район, Деревня Макарово, ул. Школьная, д. 9","56.014797","89.226945",./0.png
"0",Кемеровская область,Топкинский район,Поселок,Знаменский,"Россия, Кемеровская область, Топкинский район, Поселок Знаменский, ул. Центральная, д. 14","55.194053","85.697666",./0.png
"0",Кемеровская область,Топкинский район,Поселок,Мокроусовский,"Россия, Кемеровская область, Топкинский район, Поселок Мокроусовский, ул. Центральная, д. 27б","55.179727","85.564675",./0.png
"0",Кемеровская область,Топкинский район,Деревня,Опарино,"Россия, Кемеровская область, Топкинский район, Деревня Опарино, ул. Молодежная, д. 6, помещение 1","55.430276","85.228116",./0.png
"0",Кемеровская область,Топкинский район,Поселок,Октябрьский,"Россия, Кемеровская область, Топкинский район, Поселок Октябрьский, ул. Октябрьская, д. 12","55.321595","85.594193",./0.png
"0",Кемеровская область,Топкинский район,Деревня,Козлово,"Россия, Кемеровская область, Топкинский район, Деревня Козлово, ул. им Нагорного, д. 8 пом.1","55.236998","85.253953",./0.png
"0",Кемеровская область,Топкинский район,Деревня,Цыпино,"Россия, Кемеровская область, Топкинский район, Деревня Цыпино, пер. Школьный, д. 1-11","55.14377","85.496492",./0.png
"0",Кемеровская область,Топкинский район,Село,Глубокое,"Россия, Кемеровская область, Топкинский район, Село Глубокое, ул. Рабочая, д. 64","55.523042","85.704556",./0.png
"0",Кемеровская область,Топкинский район,Деревня,Бархатово,"Россия, Кемеровская область, Топкинский район, Деревня Бархатово, ул. Новая, д. 6 помещение 1","55.360572","85.059542",./0.png
"0",Кемеровская область,Кемеровский район,Деревня,Жургавань,"Россия, Кемеровская область, Кемеровский район, Деревня Жургавань, ул. Центральная, д. 20","55.347543","86.231061",./0.png
"0",Кемеровская область,Кемеровский район,Село,Верхотомское,"Россия, Кемеровская область, Кемеровский район, Село Верхотомское, пер. Анны Тризно, д. 13","55.466963","85.959215",./0.png
"0",Кемеровская область,Кемеровский район,Село,Андреевка,"Россия, Кемеровская область, Кемеровский район, Село Андреевка, пер. Советский, д. 1 пом 2","55.444143","86.220273",./0.png
"0",Кемеровская область,Кемеровский район,Поселок,Благодатный,"Россия, Кемеровская область, Кемеровский район, Поселок Благодатный, ул. Весенняя, д. 13-1","55.400928","85.812605",./0.png
"0",Кемеровская область,Кемеровский район,Поселок,Солнечный,"Россия, Кемеровская область, Кемеровский район, Поселок Солнечный, ул. Новая, д. 6-2","55.538027","85.995173",./0.png
"0",Кемеровская область,Кемеровский район,Поселок,Новоискитимск,"Россия, Кемеровская область, Кемеровский район, Поселок Новоискитимск, ул. Центральная, д. 11а","55.305164","86.057436",./0.png
"0",Кемеровская область,Кемеровский район,Поселок,Ленинградский,"Россия, Кемеровская область, Кемеровский район, Поселок Ленинградский, ул. Южная, д. 1-2","55.200657","86.12887",./0.png
"0",Кемеровская область,Кемеровский район,Деревня,Мозжуха,"Россия, Кемеровская область, Кемеровский район, Деревня Мозжуха, ул. Трудовая, д. 5","55.425844","85.912089",./0.png
"0",Кемеровская область,Кемеровский район,Поселок,Успенка,"Россия, Кемеровская область, Кемеровский район, Поселок Успенка, ул. Нектарная, д. 1а","55.717198","86.583086",./0.png
"0",Кемеровская область,Кемеровский район,Деревня,Тебеньковка,"Россия, Кемеровская область, Кемеровский район, Деревня Тебеньковка, ул. Лесная, д. 11","55.361063","86.36307",./0.png
"0",Кемеровская область,Кемеровский район,Деревня,Старочервово,"Россия, Кемеровская область, Кемеровский район, Деревня Старочервово, пер. Подгорный, д. 6","55.163507","86.368483",./0.png
"0",Кемеровская область,Кемеровский район,Деревня,Смолино,"Россия, Кемеровская область, Кемеровский район, Деревня Смолино, ул. Центральная, д. 10","55.178719","86.343366",./0.png
"0",Кемеровская область,Ленинск-Кузнецкий район,Деревня,Новогеоргиевка,"Россия, Кемеровская область, Ленинск-Кузнецкий район, Деревня Новогеоргиевка, ул. Молодежная, д. 24","54.698317","86.318903",./0.png
"0",Кемеровская область,Ленинск-Кузнецкий район,Деревня,Новопокровка,"Россия, Кемеровская область, Ленинск-Кузнецкий район, Деревня Новопокровка, ул. Центральная, д. 15-2","54.658356","86.460098",./0.png
"0",Кемеровская область,Кемеровский район,Село,Мазурово,"Россия, Кемеровская область, Кемеровский район, Село Мазурово, ул. Советская, д. 51","55.332034","85.891164",./0.png
"0",Кемеровская область,Кемеровский район,Деревня,Усть-Хмелевка,"Россия, Кемеровская область, Кемеровский район, Деревня Усть-Хмелевка, ул. Школьная, д. 19-2","55.620914","85.804771",./0.png
"0",Кемеровская область,Ленинск-Кузнецкий район,Поселок,Мусохраново,"Россия, Кемеровская область, Ленинск-Кузнецкий район, Поселок Мусохраново, ул. Молодежная, д. 2-1","54.711023","85.76682",./0.png
"0",Кемеровская область,Ленинск-Кузнецкий район,Поселок,Русско-Урский,"Россия, Кемеровская область, Ленинск-Кузнецкий район, Поселок Русско-Урский, ул. Речная, д. 9","54.512201","86.106964",./0.png
"0",Кемеровская область,Ленинск-Кузнецкий район,Деревня,Семеново,"Россия, Кемеровская область, Ленинск-Кузнецкий район, Деревня Семеново, ул. Центральная, д. 36-2","54.900248","86.419581",./0.png
"0",Кемеровская область,Ленинск-Кузнецкий район,Поселок,Чкаловский,"Россия, Кемеровская область, Ленинск-Кузнецкий район, Поселок Чкаловский, ул. 50 лет Октября, д. 7","54.689879","85.956467",./0.png
"0",Кемеровская область,Ленинск-Кузнецкий район,Село,Чусовитино,"Россия, Кемеровская область, Ленинск-Кузнецкий район, Село Чусовитино, ул. Школьная, д. 24","54.83618","86.321503",./0.png
"0",Кемеровская область,Ленинск-Кузнецкий район,Село,Ариничево,"Россия, Кемеровская область, Ленинск-Кузнецкий район, Село Ариничево, ул. Центральная, д. 8","54.561948","85.406808",./0.png
"0",Кемеровская область,Ленинск-Кузнецкий район,Деревня,Покровка,"Россия, Кемеровская область, Ленинск-Кузнецкий район, Деревня Покровка, ул. Центральная, д. 31","54.552149","85.671353",./0.png
"0",Кемеровская область,Ленинск-Кузнецкий район,Село,Панфилово,"Россия, Кемеровская область, Ленинск-Кузнецкий район, Село Панфилово, ул. Советская, д. 103а","54.947036","86.378521",./0.png
"0",Кемеровская область,Юргинский район,Поселок,Приречье,"Россия, Кемеровская область, Юргинский район, Поселок Приречье, ул. Клубная, д. 2а","55.890774","84.800625",./0.png
"0",Кемеровская область,Юргинский район,Деревня,Кожевниково,"Россия, Кемеровская область, Юргинский район, Деревня Кожевниково, ул. Клубная, д. 4 помещение 2","56.008184","84.608598",./0.png
"0",Кемеровская область,Юргинский район,Деревня,Любаровка,"Россия, Кемеровская область, Юргинский район, Деревня Любаровка, ул. Украинская, д. 31 помещение 1","55.509191","84.879378",./0.png
"0",Кемеровская область,Юргинский район,Деревня,Копылово,"Россия, Кемеровская область, Юргинский район, Деревня Копылово, ул. Центральная, д. 6а помещение 1","55.657016","85.475577",./0.png
"0",Кемеровская область,Юргинский район,Деревня,Черный Падун,"Россия, Кемеровская область, Юргинский район, Деревня Черный Падун, ул. Центральная, д. 28","55.386946","84.917368",./0.png
"0",Кемеровская область,Юргинский район,Деревня,Старый Шалай,"Россия, Кемеровская область, Юргинский район, Деревня Старый Шалай, ул. Степная, д. 4","55.612125","84.855796",./0.png
"0",Кемеровская область,Юргинский район,Деревня,Юльяновка,"Россия, Кемеровская область, Юргинский район, Деревня Юльяновка, ул. Садовая, д. 1а","55.435049","84.765204",./0.png
"0",Кемеровская область,Юргинский район,Поселок,Сокольники,"Россия, Кемеровская область, Юргинский район, Поселок Сокольники, ул. Школьная, д. 19 помещение 1","55.86617","84.645495",./0.png
"0",Кемеровская область,Беловский район,Поселок,Задубровский,"Россия, Кемеровская область, Беловский район, Поселок Задубровский, ул. Молодежная, д. 1-1","54.43289","86.610598",./0.png
"0",Кемеровская область,Беловский район,Деревня,Рямовая,"Россия, Кемеровская область, Беловский район, Деревня Рямовая, ул. Школьная, д. 2-1","54.55899","86.929511",./0.png
"0",Кемеровская область,Юргинский район,Деревня,Зеледеево,"Россия, Кемеровская область, Юргинский район, Деревня Зеледеево, ул. Береговая, д. 2б","56.042958","84.879694",./0.png
"0",Кемеровская область,Юргинский район,Деревня,Белянино,"Россия, Кемеровская область, Юргинский район, Деревня Белянино, ул. Школьная, д. 2а","55.540388","85.247991",./0.png
"0",Кемеровская область,Беловский район,Поселок,Убинский,"Россия, Кемеровская область, Беловский район, Поселок Убинский, ул. Парниковая, д. 27-2","54.479235","86.312221",./0.png
"0",Кемеровская область,Беловский район,Поселок,Степной,"Россия, Кемеровская область, Беловский район, Поселок Степной, ул. Центральная, д. 20 пом.1","54.307729","86.477544",./0.png
"0",Кемеровская область,Беловский район,Село,Заринское,"Россия, Кемеровская область, Беловский район, Село Заринское, ул. Ленина, д. 6","54.595828","86.503008",./0.png
"0",Кемеровская область,Беловский район,Село,Вишневка,"Россия, Кемеровская область, Беловский район, Село Вишневка, ул. Новая, д. 25","54.410446","86.398518",./0.png
"0",Кемеровская область,Беловский район,Село,Конево,"Россия, Кемеровская область, Беловский район,  Село Конево, ул. Школьная, д. 28-2","54.531383","86.241506",./0.png
"0",Кемеровская область,Беловский район,Село,Каракан,"Россия, Кемеровская область, Беловский район, Село Каракан, ул. Центральная, д. 51","54.393948","86.77396",./0.png
"0",Кемеровская область,Беловский район,Село,Беково,"Россия, Кемеровская область, Беловский район, Село Беково, ул. Центральная, д. 9а","54.369689","86.198917",./0.png
"0",Кемеровская область,Беловский район,Село,Артышта,"Россия, Кемеровская область, Беловский район, Село Артышта, ул. Артыштинская, д. 8","54.175911","86.275837",./0.png
"0",Кемеровская область,Беловский район,Деревня,Хахалино,"Россия, Кемеровская область, Беловский район, Деревня Хахалино, ул. Центральная, д. 20-2","54.476553","86.526452",./0.png
"0",Кемеровская область,Беловский район,Поселок,Щебзавод,"Россия, Кемеровская область, Беловский район, Поселок Щебзавод, ул. Школьная, д. 21","54.189477","86.172933",./0.png
"0",Кемеровская область,Беловский район,Деревня,Коротково,"Россия, Кемеровская область, Беловский район, Деревня Коротково, ул. Лесная, д. 4","54.461785","86.446164",./0.png
"0",Кемеровская область,Беловский район,Село,Новохудяково,"Россия, Кемеровская область, Беловский район, Село Новохудяково, ул. Школьная, д. 3-1","54.508519","86.833711",./0.png
"0",Кемеровская область,Топкинский район,Деревня,Пинигино,"Россия, Кемеровская область, Топкинский район, Деревня Пинигино, ул. Центральная, д. 14а пом. 2","55.083037","85.989131",./0.png
"0",Кемеровская область,Топкинский район,Поселок,Трещевский,"Россия, Кемеровская область, Топкинский район, Поселок Трещевский, ул. Садовая, д. 32 помещение 16","55.122967","85.766391",./0.png
"0",Кемеровская область,Топкинский район,Деревня,Терехино,"Россия, Кемеровская область, Топкинский район, Деревня Терехино, ул. Центральная, д. 6а","55.346353","85.496329",./0.png
"0",Кемеровская область,Топкинский район,Деревня,Симаново,"Россия, Кемеровская область, Топкинский район, Деревня Симаново, ул. Школьная, д. 7-1","55.388325","85.336698",./0.png
"0",Кемеровская область,Топкинский район,Деревня,Малый Корчуган,"Россия, Кемеровская область, Топкинский район, Деревня Малый Корчуган, ул. Центральная, д.4 помещение 4","55.238862","85.57694",./0.png
"0",Кемеровская область,Топкинский район,Деревня,Большой Корчуган,"Россия, Кемеровская область, Топкинский район, Деревня Большой Корчуган, ул. Магистральная, д.11 пом.1","55.210338","85.393378",./0.png
"0",Кемеровская область,Топкинский район,Поселок,Магистральный,"Россия, Кемеровская область, Топкинский район, Поселок Магистральный, ул. Строителей, д. 5-1","55.184656","85.291607",./0.png
"0",Кемеровская область,Топкинский район,Деревня,Катково,"Россия, Кемеровская область, Топкинский район, Деревня Катково, ул. Ивановская, д. 11","55.143296","85.064688",./0.png
"0",Кемеровская область,Таштагольский район,Поселок,Ключевой,"Россия, Кемеровская область, Таштагольский район, Поселок Ключевой, ул. Энтузиастов, д. 19","52.627797","88.014431",./0.png
"0",Кемеровская область,Крапивинский район,Деревня,Сарапки,"Россия, Кемеровская область, Крапивинский район, Деревня Сарапки, ул. Центральная, д. 51","55.068111","86.420581",./0.png
"0",Кемеровская область,Крапивинский район,Поселок,Перехляй,"Россия, Кемеровская область, Крапивинский район, Поселок Перехляй, ул. Центральная, д. 14 Б","54.879513","86.580771",./0.png
"0",Кемеровская область,Крапивинский район,Деревня,Скарюпино,"Россия, Кемеровская область, Крапивинский район, Деревня Скарюпино, ул. Совхозная, д. 4-2","54.962516","86.246947",./0.png
"0",Кемеровская область,Таштагольский район,Поселок,Усть-Анзас,"Россия, Кемеровская область, Таштагольский район, Поселок Усть-Анзас, ул. Советская, д. 7","53.051176","88.415106",./0.png
"0",Кемеровская область,Таштагольский район,Поселок,Алтамаш,"Россия, Кемеровская область, Таштагольский район, Поселок Алтамаш, ул. Терешковой, д. 1 Б","52.544864","87.682148",./0.png
"0",Кемеровская область,Таштагольский район,Поселок,Центральный,"Россия, Кемеровская область, Таштагольский район, Поселок Центральный, ул. Пасечная, д. 12","53.035414","87.671598",./0.png
"0",Кемеровская область,Таштагольский район,Поселок,Чугунаш,"Россия, Кемеровская область, Таштагольский район, Поселок Чугунаш, ул. Суворова, д. 32","52.880841","87.785093",./0.png
"0",Кемеровская область,Промышленновский район,Деревня,Васьково,"Россия, Кемеровская область, Промышленновский район, Деревня Васьково, ул. Заречная, д. 1/2","55.055818","85.101581",./0.png
"0",Кемеровская область,Промышленновский район,Поселок,Голубево,"Россия, Кемеровская область, Промышленновский район, Поселок Голубево, ул. Центральная, д. 2а","54.850094","85.075353",./0.png
"0",Кемеровская область,Таштагольский район,Поселок,Чилису-Анзас,"Россия, Кемеровская область, Таштагольский район, Поселок Чилису-Анзас, ул. Кедровая, д. 29а","52.685108","88.362513",./0.png
"0",Кемеровская область,Таштагольский район,Поселок,Калары,"Россия, Кемеровская область, Таштагольский район, Поселок Калары, ул. Станционная, д. 44","52.91848","87.562292",./0.png
"0",Кемеровская область,Промышленновский район,Село,Лебеди,"Россия, Кемеровская область, Промышленновский район, Село Лебеди, ул. Центральная, д. 32","55.040544","85.583648",./0.png
"0",Кемеровская область,Промышленновский район,Деревня,Каменка,"Россия, Кемеровская область, Промышленновский район, Деревня Каменка, пер. Федирко, д. 27-8","54.841862","85.545748",./0.png
"0",Кемеровская область,Промышленновский район,Поселок,Иваново-Родионовский,"Россия, Кемеровская область, Промышленновский район, Поселок Иваново-Родионовский, ул. Зеленая, д. 5","54.891487","85.537043",./0.png
"0",Кемеровская область,Промышленновский район,Село,Абышево,"Россия, Кемеровская область, Промышленновский район, Село Абышево, ул. Мира, д. 47","55.065346","84.992979",./0.png
"0",Кемеровская область,Промышленновский район,Деревня,Усть-Тарсьма,"Россия, Кемеровская область, Промышленновский район, Деревня Усть-Тарсьма, ул. Береговая, д. 55","55.000791","85.435623",./0.png
"0",Кемеровская область,Промышленновский район,Деревня,Пор-Искитим,"Россия, Кемеровская область, Промышленновский район, Деревня Пор-Искитим, ул. Советская, д. 13","55.058281","85.823357",./0.png
"0",Кемеровская область,Промышленновский район,Деревня,Протопопово,"Россия, Кемеровская область, Промышленновский район, Деревня Протопопово, пер. Школьный, д. 3","54.872954","86.008779",./0.png
"0",Кемеровская область,Промышленновский район,Поселок,Октябрьский,"Россия, Кемеровская область, Промышленновский район, Поселок Октябрьский, ул. Центральная, д. 2а","54.977971","85.816576",./0.png
"0",Кемеровская область,Чебулинский район,Деревня,Курск-Смоленка,"Россия, Кемеровская область, Чебулинский район, Деревня Курск-Смоленка, ул. Зеленая, д. 24","55.954504","88.102204",./0.png
"0",Кемеровская область,Чебулинский район,Село,Алчедат,"Россия, Кемеровская область, Чебулинский район, Село Алчедат, ул. Мира, д. 2а","55.980704","87.916331",./0.png
"0",Кемеровская область,Промышленновский район,Деревня,Шуринка,"Россия, Кемеровская область, Промышленновский район, Деревня Шуринка, ул. Баклыкова, д. 73","54.831559","85.289617",./0.png
"0",Кемеровская область,Промышленновский район,Село,Труд,"Россия, Кемеровская область, Промышленновский район, Село Труд, ул. Мира, д. 15а","54.862182","85.919187",./0.png
"0",Кемеровская область,Чебулинский район,Деревня,Кураково,"Россия, Кемеровская область, Чебулинский район, Деревня Кураково, ул. Юбилейная, д. 50а","55.749939","87.845173",./0.png
"0",Кемеровская область,Чебулинский район,Поселок,Новоивановский,"Россия, Кемеровская область, Чебулинский район, Поселок Новоивановский, ул. Садовая, д. 2","55.857324","87.794596",./0.png
"0",Кемеровская область,Чебулинский район,Деревня,Михайловка,"Россия, Кемеровская область, Чебулинский район, Деревня Михайловка, ул. Школьная, д. 1","55.905379","87.892761",./0.png
"0",Кемеровская область,Чебулинский район,Поселок городского типа,Орлово-Розово,"Россия, Кемеровская область, Чебулинский район, Поселок городского типа Орлово-Розово, ул. Центральная, д. 30","56.052242","87.713654",./0.png
"0",Кемеровская область,Юргинский район,Деревня,Каип,"Россия, Кемеровская область, Юргинский район, Деревня Каип, ул. Центральная, д. 77 помещение 1","55.535936","84.951393",./0.png
"0",Кемеровская область,Юргинский район,Поселок,Заозерный,"Россия, Кемеровская область, Юргинский район, Поселок Заозерный, ул. Солнечная, д. 6","55.89192","84.721085",./0.png
"0",Кемеровская область,Юргинский район,Деревня,Елгино,"Россия, Кемеровская область, Юргинский район, Деревня Елгино, ул. Заречная, д. 38","55.915623","84.861283",./0.png
"0",Кемеровская область,Юргинский район,Поселок,Васильевка,"Россия, Кемеровская область, Юргинский район, Поселок Васильевка, ул. Центральная, д. 10","55.401607","84.723298",./0.png
"0",Кемеровская область,Прокопьевский район,Деревня,Лукьяновка,"Россия, Кемеровская область, Прокопьевский район, Деревня Лукьяновка, ул. Центральная, д. 37","54.218426","86.71159",./0.png
"0",Кемеровская область,Прокопьевский район,Поселок,Чапаевский,"Россия, Кемеровская область, Прокопьевский район, Поселок Чапаевский, ул. Игнатьева, д. 22","54.143955","86.805302",./0.png
"0",Кемеровская область,Прокопьевский район,Поселок при станции (поселок станции),Терентьевская,"Россия, Кемеровская область, Прокопьевский район, Поселок при станции Терентьевская, ул. Вокзальная, д. 4-1","54.066969","86.864938",./0.png
"0",Кемеровская область,Прокопьевский район,Поселок,Серп и Молот,"Россия, Кемеровская область, Прокопьевский район, Поселок Серп и Молот, ул. Центральная, д. 20-2","54.074249","86.980309",./0.png
"0",Кемеровская область,Прокопьевский район,Село,Михайловка,"Россия, Кемеровская область, Прокопьевский район, Село Михайловка, ул. Советская, д. 1","54.049949","86.356521",./0.png
"0",Кемеровская область,Прокопьевский район,Село,Лучшево,"Россия, Кемеровская область, Прокопьевский район, Село Лучшево, ул. Маганакская, д. 4","53.836801","86.905132",./0.png
"0",Кемеровская область,Прокопьевский район,Поселок,Ускатский,"Россия, Кемеровская область, Прокопьевский район, Поселок Ускатский, ул. Центральная, д. 22","54.100395","86.825101",./0.png
"0",Кемеровская область,Прокопьевский район,Поселок,Индустрия,"Россия, Кемеровская область, Прокопьевский район, Поселок Индустрия, ул. Садовая, д. 3","53.830089","86.719822",./0.png
"0",Кемеровская область,Прокопьевский район,Поселок,Свободный,"Россия, Кемеровская область, Прокопьевский район, Поселок Свободный, ул. Молодежная, д. 15 А","53.881573","86.557268",./0.png
"0",Кемеровская область,Прокопьевский район,Поселок,Севск,"Россия, Кемеровская область, Прокопьевский район, Поселок Севск, пер. Октябрьский, д. 2","54.052502","86.717518",./0.png
"0",Кемеровская область,Прокопьевский район,Поселок,Тыхта,"Россия, Кемеровская область, Прокопьевский район, Поселок Тыхта, пер. Школьный, д. 1","54.318572","86.952509",./0.png
"0",Кемеровская область,Прокопьевский район,Поселок,Смышляево,"Россия, Кемеровская область, Прокопьевский район, Поселок Смышляево, ул. Центральная, д. 19","53.822671","86.58561",./0.png
"0",Кемеровская область,Прокопьевский район,Поселок,Первомайский,"Россия, Кемеровская область, Прокопьевский район, Поселок Первомайский, ул. Центральная, д. 33","53.93302","86.854485",./0.png
"0",Кемеровская область,Прокопьевский район,Село,Шарап,"Россия, Кемеровская область, Прокопьевский район, Село Шарап, ул. Центральная, д. 13","53.912394","86.905347",./0.png
"0",Кемеровская область,Прокопьевский район,Поселок,Октябрьский,"Россия, Кемеровская область, Прокопьевский район, Поселок Октябрьский, пер. Школьный, д. 10","54.26476","86.782345",./0.png
"0",Кемеровская область,Прокопьевский район,Село,Новорождественское,"Россия, Кемеровская область, Прокопьевский район, Село Новорождественское, ул. Центральная, д. 52","53.764392","86.745745",./0.png
"0",Кемеровская область,Мариинский район,Село,Николаевка 2-я,"Россия, Кемеровская область, Мариинский район, Село Николаевка 2-я, ул. Молодежная, д. 18а","56.285518","88.080473",./0.png
"0",Кемеровская область,Мариинский район,Село,Мальковка,"Россия, Кемеровская область, Мариинский район, Село Мальковка, ул. Центральная, д. 24","56.131463","87.552427",./0.png
"0",Кемеровская область,Прокопьевский район,Поселок,Тихоновка Терентьевская,"Россия, Кемеровская область, Прокопьевский район, Поселок Тихоновка Терентьевская, ул. Центральная, д. 39","54.127275","86.956973",./0.png
"0",Кемеровская область,Прокопьевский район,Поселок,Плодопитомник,"Россия, Кемеровская область, Прокопьевский район, Поселок Плодопитомник, ул. Центральная, д. 1 Б","53.986965","86.885459",./0.png
"0",Кемеровская область,Мариинский район,Деревня,Константиновка,"Россия, Кемеровская область, Мариинский район, Деревня Константиновка, ул. Центральная, д. 31","56.131187","88.071822",./0.png
"0",Кемеровская область,Мариинский район,Поселок при станции (поселок станции),Антибесская,"Россия, Кемеровская область, Мариинский район, Поселок при станции Антибесская, ул. Зеленая, д. 10","56.205555","87.826129",./0.png
"0",Кемеровская область,Мариинский район,Поселок,Лебяжий,"Россия, Кемеровская область, Мариинский район, Поселок Лебяжий, ул. Школьная, д. 9а","56.3826","88.157687",./0.png
"0",Кемеровская область,Мариинский район,Село,Тенгулы,"Россия, Кемеровская область, Мариинский район, Село Тенгулы, ул. Городская, д. 27","56.37986","87.560362",./0.png
"0",Кемеровская область,Мариинский район,Деревня,Раевка,"Россия, Кемеровская область, Мариинский район,  Деревня Раевка, ул. Центральная, д. 51а","56.172171","87.875161",./0.png
"0",Кемеровская область,Мариинский район,Деревня,Камышенка,"Россия, Кемеровская область, Мариинский район,  Деревня Камышенка, ул. Центральная, д. 21","56.10669","87.252659",./0.png
"0",Кемеровская область,Мариинский район,Село,Обояновка,"Россия, Кемеровская область, Мариинский район, Село Обояновка, ул. Новая, д. 3","56.353526","87.621988",./0.png
"0",Кемеровская область,Мариинский район,Село,Приметкино,"Россия, Кемеровская область, Мариинский район, Село Приметкино, ул. Центральная, д. 60а","56.231364","87.916146",./0.png
"0",Кемеровская область,Крапивинский район,Поселок,Красные Ключи,"Россия, Кемеровская область, Крапивинский район, Поселок Красные Ключи, ул. Гагарина, д. 9","54.998633","86.264655",./0.png
"0",Кемеровская область,Крапивинский район,Поселок,Каменный,"Россия, Кемеровская область, Крапивинский район, Поселок Каменный, ул. Мира, д. 53","54.955547","86.715535",./0.png
"0",Кемеровская область,Крапивинский район,Поселок,Березовка,"Россия, Кемеровская область, Крапивинский район, Поселок Березовка, ул. Школьная, д. 7","55.114404","86.507597",./0.png
"0",Кемеровская область,Крапивинский район,Село,Арсеново,"Россия, Кемеровская область, Крапивинский район, Село Арсеново, ул. Почтовая, д. 31","54.805999","86.872522",./0.png
